id,gene,hgvs_p,uniprot,pos,wt,mut,sub1,label,stars,rsid,first_seen,post_cutoff,am,seq_len,win_pos,wt_window
54329,BRCA1,p.Pro568Leu,P38398,568,P,L,P568L,0,3,80356910,le_2025_06,0,0.0744,1863,33,TNQTEQNGQVMNITNSGHENKTKGDSIQNEKNPNPIESLEKESAFKTKAEPISSSISNMELELNI
2734197,MSH2,p.Glu701Lys,P43246,701,E,K,E701K,0,1,776820509,le_2025_06,0,0.1619,934,33,GPNMGGKSTYIRQTGVIVLMAQIGCFVPCESAEVSIVDCILARVGAGDSQLKGVSTFMAEMLETA
91145,MSH2,p.Glu198Gly,P43246,198,E,G,E198G,0,3,63750327,le_2025_06,0,0.9868,934,33,VDSIQRKLGLCEFPDNDQFSNLEALLIQIGPKECVLPGGETAGDMGKLRQIIQRGGILITERKKA
54191,BRCA1,p.Cys44Ser,P38398,44,C,S,C44S,1,3,80357327,le_2025_06,0,0.9964,1863,33,QNVINAMQKILECPICLELIKEPVSTKCDHIFCKFCMLKLLNQKKGPSQCPLCKNDITKRSLQES
91125,MSH2,p.Leu175Pro,P43246,175,L,P,L175P,1,2,63751291,le_2025_06,0,0.9707,934,33,ASIGVVGVKMSAVDGQRQVGVGYVDSIQRKLGLCEFPDNDQFSNLEALLIQIGPKECVLPGGETA
619522,MSH2,p.Lys773Glu,P43246,773,K,E,K773E,0,2,1558521813,le_2025_06,0,0.0971,934,33,KDSLIIIDELGRGTSTYDGFGLAWAISEYIATKIGAFCMFATHFHELTALANQIPTVNNLHVTAL
185713,PTEN,p.Leu57Trp,P60484,57,L,W,L57W,1,3,786202398,le_2025_06,0,0.9916,403,33,LTYIYPNIIAMGFPAERLEGVYRNNIDDVVRFLDSKHKNHYKIYNLCAERHYDTAKFNCRVAQYP
54386,BRCA1,p.Pro633Thr,P38398,633,P,T,P633T,0,1,80356902,le_2025_06,0,0.0836,1863,33,HNSKAPKKNRLRRKSSTRHIHALELVVSRNLSPPNCTELQIDSCSSSEEIKKKKYNQMPVRHSRN
54293,BRCA1,p.Asp522Asn,P38398,522,D,N,D522N,0,1,80357453,le_2025_06,0,0.1264,1863,33,PQIIQERPLTNKLKRKRRPTSGLHPEDFIKKADLAVQKTPEMINQGTNQTEQNGQVMNITNSGHE
418436,PTEN,p.Leu108Pro,P60484,108,L,P,L108P,1,2,1064793243,le_2025_06,0,0.9999,403,33,YDTAKFNCRVAQYPFEDHNPPQLELIKPFCEDLDQWLSEDDNHVAAIHCKAGKGRTGVMICAYLL
189500,PTEN,p.Arg173Cys,P60484,173,R,C,R173C,1,3,121913293,le_2025_06,0,0.9981,403,33,HRGKFLKAQEALDFYGEVRTRDKKGVTIPSQRRYVYYYSYLLKNHLDYRPVALLFHKMMFETIPM
406605,TP53,p.Ile254Val,P04637,254,I,V,I254V,0,3,746601313,le_2025_06,0,0.1871,393,33,PPEVGSDCTTIHYNYMCNSSCMGGMNRRPILTIITLEDSSGNLLGRNSFEVRVCACPGRDRRTEE
439192,MSH2,p.Gly751Arg,P43246,751,G,R,G751R,1,3,63751119,le_2025_06,0,0.9997,934,33,LKGVSTFMAEMLETASILRSATKDSLIIIDELGRGTSTYDGFGLAWAISEYIATKIGAFCMFATH
12364,TP53,p.Arg282Trp,P04637,282,R,W,R282W,1,2,28934574,le_2025_06,0,0.9462,393,33,PILTIITLEDSSGNLLGRNSFEVRVCACPGRDRRTEEENLRKKGEPHHELPPGSTKRALPNNTSS
230862,BRCA1,p.His41Leu,P38398,41,H,L,H41L,1,3,80357276,le_2025_06,0,0.9849,1863,33,EEVQNVINAMQKILECPICLELIKEPVSTKCDHIFCKFCMLKLLNQKKGPSQCPLCKNDITKRSL
376655,TP53,p.Arg273Leu,P04637,273,R,L,R273L,1,2,28934576,le_2025_06,0,0.9954,393,33,SCMGGMNRRPILTIITLEDSSGNLLGRNSFEVRVCACPGRDRRTEEENLRKKGEPHHELPPGSTK
376686,TP53,p.Tyr205Asp,P04637,205,Y,D,Y205D,1,2,1057520008,le_2025_06,0,0.9971,393,33,VRRCPHHERCSDSDGLAPPQHLIRVEGNLRVEYLDDRNTFRHSVVVPYEPPEVGSDCTTIHYNYM
54403,BRCA1,p.Cys644Trp,P38398,644,C,W,C644W,0,1,397508918,le_2025_06,0,0.1883,1863,33,RRKSSTRHIHALELVVSRNLSPPNCTELQIDSCSSSEEIKKKKYNQMPVRHSRNLQLMEGKEPAT
409353,BRCA1,p.His41Asn,P38398,41,H,N,H41N,1,3,1060502353,le_2025_06,0,0.9779,1863,33,EEVQNVINAMQKILECPICLELIKEPVSTKCDHIFCKFCMLKLLNQKKGPSQCPLCKNDITKRSL
142536,TP53,p.Arg337Cys,P04637,337,R,C,R337C,1,3,587782529,le_2025_06,0,0.8021,393,33,KRALPNNTSSSPQPKKKPLDGEYFTLQIRGRERFEMFRELNEALELKDAQAGKEPGGSRAHSSHL
55481,BRCA1,p.Arg1751Gln,P38398,1751,R,Q,R1751Q,0,3,80357442,le_2025_06,0,0.1842,1863,33,VTQSIKERKMLNEHDFEVRGDVVNGRNHQGPKRARESQDRKIFRGLEICCYGPFTNMPTDQLEWM
376680,TP53,p.Tyr163His,P04637,163,Y,H,Y163H,1,3,786203436,le_2025_06,0,0.9929,393,33,NKMFCQLAKTCPVQLWVDSTPPPGTRVRAMAIYKQSQHMTEVVRRCPHHERCSDSDGLAPPQHLI
962629,TP53,p.Arg209Lys,P04637,209,R,K,R209K,0,3,2073332791,le_2025_06,0,0.0655,393,33,PHHERCSDSDGLAPPQHLIRVEGNLRVEYLDDRNTFRHSVVVPYEPPEVGSDCTTIHYNYMCNSS
232831,BRCA1,p.Pro1749Thr,P38398,1749,P,T,P1749T,0,1,397509244,le_2025_06,0,0.9107,1863,33,FWVTQSIKERKMLNEHDFEVRGDVVNGRNHQGPKRARESQDRKIFRGLEICCYGPFTNMPTDQLE
54755,BRCA1,p.Met1008Val,P38398,1008,M,V,M1008V,0,3,56321129,le_2025_06,0,0.0508,1863,33,NPYRIPPLFPIKSFVKTKCKKNLLEENFEEHSMSPEREMGNENIPSTVSTISRNNIRENVFKEAS
868434,BRCA1,p.Lys1648Arg,P38398,1648,K,R,K1648R,0,1,201810810,le_2025_06,0,0.0624,1863,33,AAHTTDTAGYNAMEESVSREKPELTASTERVNKRMSMVVSGLTPEEFMLVYKFARKHHITLTNLI
865041,BRCA1,p.Met18Leu,P38398,18,M,L,M18L,0,1,2055727017,le_2025_06,0,0.4944,1863,18,MDLSALRVEEVQNVINAMQKILECPICLELIKEPVSTKCDHIFCKFCMLK
3729359,BRCA1,p.Pro871Leu,P38398,871,P,L,P871L,0,1,-1,le_2025_06,0,0.0424,1863,33,HSRETSIEMEESELDAQYLQNTFKVSKRQSFAPFSNPGNAEEECATFSAHSGSLKKQSPKVTFEC
1684697,BRCA1,p.Leu218Val,P38398,218,L,V,L218V,0,1,765950064,le_2025_06,0,0.0775,1863,33,SSEDTVNKATYCSVGDQELLQITPQGTRDEISLDSAKKAACEFSETDVTNTEHHQPSNNDLNTTE
189415,PTEN,p.Pro204Ala,P60484,204,P,A,P204A,1,3,786204868,le_2025_06,0,0.993,403,33,RRYVYYYSYLLKNHLDYRPVALLFHKMMFETIPMFSGGTCNPQFVVCQLKVKIYSSNSGPTRRED
868346,BRCA1,p.Leu95Ile,P38398,95,L,I,L95I,0,1,2054675297,le_2025_06,0,0.1151,1863,33,LCKNDITKRSLQESTRFSQLVEELLKIICAFQLDTGLEYANSYNFAKKENNSPEHLKDEVSIIQS
41814,BRCA1,p.Met1008Ile,P38398,1008,M,I,M1008I,0,3,1800704,le_2025_06,0,0.1313,1863,33,NPYRIPPLFPIKSFVKTKCKKNLLEENFEEHSMSPEREMGNENIPSTVSTISRNNIRENVFKEAS
91006,MSH2,p.Ser860Leu,P43246,860,S,L,S860L,0,3,63750849,le_2025_06,0,0.0963,934,33,IHVAELANFPKHVIECAKQKALELEEFQYIGESQGYDIMEPAAKKCYLEREQGEKIIQEFLSKVK
865225,BRCA1,p.Ser59Ala,P38398,59,S,A,S59A,0,1,2054783250,le_2025_06,0,0.0859,1863,33,CLELIKEPVSTKCDHIFCKFCMLKLLNQKKGPSQCPLCKNDITKRSLQESTRFSQLVEELLKIIC
142332,TP53,p.Ser303Gly,P04637,303,S,G,S303G,0,3,587782391,le_2025_06,0,0.0591,393,33,EVRVCACPGRDRRTEEENLRKKGEPHHELPPGSTKRALPNNTSSSPQPKKKPLDGEYFTLQIRGR
868956,BRCA1,p.Thr1681Ala,P38398,1681,T,A,T1681A,0,1,876659314,le_2025_06,0,0.1469,1863,33,RMSMVVSGLTPEEFMLVYKFARKHHITLTNLITEETTHVVMKTDAEFVCERTLKYFLGIAGGKWV
2757236,TP53,p.Cys277Gly,P04637,277,C,G,C277G,1,3,1064795369,le_2025_06,0,0.9972,393,33,GMNRRPILTIITLEDSSGNLLGRNSFEVRVCACPGRDRRTEEENLRKKGEPHHELPPGSTKRALP
1803052,PTEN,p.Lys125Arg,P60484,125,K,R,K125R,1,1,2493717541,le_2025_06,0,0.9063,403,33,HNPPQLELIKPFCEDLDQWLSEDDNHVAAIHCKAGKGRTGVMICAYLLHRGKFLKAQEALDFYGE
267219,BRCA1,p.Gly1706Arg,P38398,1706,G,R,G1706R,1,2,886040864,le_2025_06,0,0.9885,1863,33,ITLTNLITEETTHVVMKTDAEFVCERTLKYFLGIAGGKWVVSYFWVTQSIKERKMLNEHDFEVRG
142828,TP53,p.Arg337Leu,P04637,337,R,L,R337L,1,3,121912664,le_2025_06,0,0.9398,393,33,KRALPNNTSSSPQPKKKPLDGEYFTLQIRGRERFEMFRELNEALELKDAQAGKEPGGSRAHSSHL
1759007,MSH2,p.Lys249Glu,P43246,249,K,E,K249E,0,1,2465752279,le_2025_06,0,0.1155,934,33,IQRGGILITERKKADFSTKDIYQDLNRLLKGKKGEQMNSAVLPEMENQVAVSSLSAVIKFLELLS
54709,BRCA1,p.Glu962Lys,P38398,962,E,K,E962K,0,3,80356955,le_2025_06,0,0.0777,1863,33,PVVGQKDKPVDNAKCSIKGGSRFCLSSQFRGNETGLITPNKHGLLQNPYRIPPLFPIKSFVKTKC
4553123,TP53,p.Glu388Asp,P04637,388,E,D,E388D,0,1,-1,post_2026_01,1,0.1139,393,33,GKEPGGSRAHSSHLKSKKGQSTSRHKKLMFKTEGPDSD
868680,BRCA1,p.Asp2Asn,P38398,2,D,N,D2N,0,1,778775133,le_2025_06,0,0.2622,1863,2,MDLSALRVEEVQNVINAMQKILECPICLELIKEP
80708,TP53,p.His365Tyr,P04637,365,H,Y,H365Y,0,3,267605075,le_2025_06,0,0.097,393,33,RGRERFEMFRELNEALELKDAQAGKEPGGSRAHSSHLKSKKGQSTSRHKKLMFKTEGPDSD
418653,PTEN,p.Leu316Pro,P60484,316,L,P,L316P,1,3,1064793345,le_2025_06,0,0.9872,403,33,EETSEKVENGSLCDQEIDSICSIERADNDKEYLVLTLTKNDLDKANKDKANRYFSPNFKVKLYFT
2450748,TP53,p.Phe341Ser,P04637,341,F,S,F341S,1,1,2543473385,le_2025_06,0,0.9942,393,33,PNNTSSSPQPKKKPLDGEYFTLQIRGRERFEMFRELNEALELKDAQAGKEPGGSRAHSSHLKSKK
376640,TP53,p.Pro151Arg,P04637,151,P,R,P151R,1,2,1057520000,le_2025_06,0,0.9897,393,33,AKSVTCTYSPALNKMFCQLAKTCPVQLWVDSTPPPGTRVRAMAIYKQSQHMTEVVRRCPHHERCS
90861,MSH2,p.Gly674Asp,P43246,674,G,D,G674D,1,3,267607996,le_2025_06,0,0.9994,934,33,VEVQDEIAFIPNDVYFEKDKQMFHIITGPNMGGKSTYIRQTGVIVLMAQIGCFVPCESAEVSIVD
91134,MSH2,p.Leu187Pro,P43246,187,L,P,L187P,1,3,63751444,le_2025_06,0,0.9933,934,33,VDGQRQVGVGYVDSIQRKLGLCEFPDNDQFSNLEALLIQIGPKECVLPGGETAGDMGKLRQIIQR
12356,TP53,p.Arg248Gln,P04637,248,R,Q,R248Q,1,3,11540652,le_2025_06,0,0.9963,393,33,VVVPYEPPEVGSDCTTIHYNYMCNSSCMGGMNRRPILTIITLEDSSGNLLGRNSFEVRVCACPGR
54745,BRCA1,p.Met1Thr,P38398,1,M,T,M1T,1,2,80357111,le_2025_06,0,0.5767,1863,1,MDLSALRVEEVQNVINAMQKILECPICLELIKE
4056259,BRCA1,p.Ile429Val,P38398,429,I,V,I429V,0,1,-1,2025H2,0,0.0873,1863,33,DSHDGESESNAKVADVLDVLNEVDEYSGSSEKIDLLASDPHEALICKSERVHSKSVESNIEDKIF
2683739,TP53,p.Ala347Gly,P04637,347,A,G,A347G,0,1,397516434,le_2025_06,0,0.2621,393,33,SPQPKKKPLDGEYFTLQIRGRERFEMFRELNEALELKDAQAGKEPGGSRAHSSHLKSKKGQSTSR
37487,BRCA1,p.Lys912Arg,P38398,912,K,R,K912R,0,2,397507204,le_2025_06,0,0.0819,1863,33,EECATFSAHSGSLKKQSPKVTFECEQKEENQGKNESNIKPVQTVNITAGFPVVGQKDKPVDNAKC
3328150,TP53,p.Ser183Pro,P04637,183,S,P,S183P,0,1,-1,le_2025_06,0,0.1431,393,33,PPPGTRVRAMAIYKQSQHMTEVVRRCPHHERCSDSDGLAPPQHLIRVEGNLRVEYLDDRNTFRHS
868136,BRCA1,p.Glu33Lys,P38398,33,E,K,E33K,0,1,80357066,le_2025_06,0,0.8003,1863,33,MDLSALRVEEVQNVINAMQKILECPICLELIKEPVSTKCDHIFCKFCMLKLLNQKKGPSQCPLCK
856299,TP53,p.Ile254Asn,P04637,254,I,N,I254N,1,3,1330865474,le_2025_06,0,0.9911,393,33,PPEVGSDCTTIHYNYMCNSSCMGGMNRRPILTIITLEDSSGNLLGRNSFEVRVCACPGRDRRTEE
90771,MSH2,p.Gly587Arg,P43246,587,G,R,G587R,1,3,63751140,le_2025_06,0,0.9902,934,33,KLTSLNEEYTKNKTEYEEAQDAIVKEIVNISSGYVEPMQTLNDVLAQLDAVVSFAHVSNGAPVPY
868853,BRCA1,p.Ser1642Leu,P38398,1642,S,L,S1642L,0,1,2052376303,le_2025_06,0,0.0893,1863,33,SAQSPAAAHTTDTAGYNAMEESVSREKPELTASTERVNKRMSMVVSGLTPEEFMLVYKFARKHHI
90812,MSH2,p.Gln629Arg,P43246,629,Q,R,Q629R,0,3,61756468,le_2025_06,0,0.0757,934,33,DVLAQLDAVVSFAHVSNGAPVPYVRPAILEKGQGRIILKASRHACVEVQDEIAFIPNDVYFEKDK
3230831,MSH2,p.Pro696Gln,P43246,696,P,Q,P696Q,1,1,267607994,le_2025_06,0,0.9905,934,33,FHIITGPNMGGKSTYIRQTGVIVLMAQIGCFVPCESAEVSIVDCILARVGAGDSQLKGVSTFMAE
184645,MSH2,p.Leu595Arg,P43246,595,L,R,L595R,1,2,786201590,le_2025_06,0,0.9369,934,33,YTKNKTEYEEAQDAIVKEIVNISSGYVEPMQTLNDVLAQLDAVVSFAHVSNGAPVPYVRPAILEK
868102,BRCA1,p.Lys1667Thr,P38398,1667,K,T,K1667T,0,1,1057519495,le_2025_06,0,0.2426,1863,33,EKPELTASTERVNKRMSMVVSGLTPEEFMLVYKFARKHHITLTNLITEETTHVVMKTDAEFVCER
867751,BRCA1,p.Cys27Gly,P38398,27,C,G,C27G,1,1,2055713838,le_2025_06,0,0.9832,1863,27,MDLSALRVEEVQNVINAMQKILECPICLELIKEPVSTKCDHIFCKFCMLKLLNQKKGPS
55396,BRCA1,p.Arg1699Trp,P38398,1699,R,W,R1699W,1,3,55770810,le_2025_06,0,0.8237,1863,33,KFARKHHITLTNLITEETTHVVMKTDAEFVCERTLKYFLGIAGGKWVVSYFWVTQSIKERKMLNE
4744225,PTEN,p.Ile32Ser,P60484,32,I,S,I32S,1,1,-1,post_2026_01,1,0.9992,403,32,MTAIIKEIVSRNKRRYQEDGFDLDLTYIYPNIIAMGFPAERLEGVYRNNIDDVVRFLDSKHKNH
183179,BRCA1,p.His1686Arg,P38398,1686,H,R,H1686R,1,2,730882166,le_2025_06,0,0.9307,1863,33,VSGLTPEEFMLVYKFARKHHITLTNLITEETTHVVMKTDAEFVCERTLKYFLGIAGGKWVVSYFW
37488,BRCA1,p.Val920Ile,P38398,920,V,I,V920I,0,3,80357361,le_2025_06,0,0.0803,1863,33,HSGSLKKQSPKVTFECEQKEENQGKNESNIKPVQTVNITAGFPVVGQKDKPVDNAKCSIKGGSRF
7816,PTEN,p.His123Arg,P60484,123,H,R,H123R,1,3,121909222,le_2025_06,0,0.9998,403,33,EDHNPPQLELIKPFCEDLDQWLSEDDNHVAAIHCKAGKGRTGVMICAYLLHRGKFLKAQEALDFY
3230849,MSH2,p.Ile194Asn,P43246,194,I,N,I194N,0,1,730881778,le_2025_06,0,0.5366,934,33,GVGYVDSIQRKLGLCEFPDNDQFSNLEALLIQIGPKECVLPGGETAGDMGKLRQIIQRGGILITE
569301,PTEN,p.Ser170Arg,P60484,170,S,R,S170R,1,2,1554900534,le_2025_06,0,0.9999,403,33,YLLHRGKFLKAQEALDFYGEVRTRDKKGVTIPSQRRYVYYYSYLLKNHLDYRPVALLFHKMMFET
188060,TP53,p.Val197Met,P04637,197,V,M,V197M,1,3,786204041,le_2025_06,0,0.8149,393,33,QSQHMTEVVRRCPHHERCSDSDGLAPPQHLIRVEGNLRVEYLDDRNTFRHSVVVPYEPPEVGSDC
2674578,MSH2,p.Thr732Pro,P43246,732,T,P,T732P,1,1,1667315990,le_2025_06,0,0.9919,934,33,AEVSIVDCILARVGAGDSQLKGVSTFMAEMLETASILRSATKDSLIIIDELGRGTSTYDGFGLAW
468679,PTEN,p.Asp92Tyr,P60484,92,D,Y,D92Y,1,2,1554898067,le_2025_06,0,0.9994,403,33,KHKNHYKIYNLCAERHYDTAKFNCRVAQYPFEDHNPPQLELIKPFCEDLDQWLSEDDNHVAAIHC
189486,PTEN,p.His123Tyr,P60484,123,H,Y,H123Y,1,2,786204931,le_2025_06,0,0.9988,403,33,EDHNPPQLELIKPFCEDLDQWLSEDDNHVAAIHCKAGKGRTGVMICAYLLHRGKFLKAQEALDFY
1774845,MSH2,p.Asp514Asn,P43246,514,D,N,D514N,0,1,2104173474,le_2025_06,0,0.7861,934,33,REIMNDLEKKMQSTLISAARDLGLDPGKQIKLDSSAQFGYYFRVTCKEEKVLRNNKNFSTVDIQK
41828,BRCA1,p.Met1628Thr,P38398,1628,M,T,M1628T,0,3,4986854,le_2025_06,0,0.0741,1863,33,STSALKVPQLKVAESAQSPAAAHTTDTAGYNAMEESVSREKPELTASTERVNKRMSMVVSGLTPE
867843,BRCA1,p.Val1736Phe,P38398,1736,V,F,V1736F,1,2,377595653,le_2025_06,0,0.931,1863,33,FLGIAGGKWVVSYFWVTQSIKERKMLNEHDFEVRGDVVNGRNHQGPKRARESQDRKIFRGLEICC
17693,BRCA1,p.Arg71Gly,P38398,71,R,G,R71G,1,3,80357382,le_2025_06,0,0.9012,1863,33,CDHIFCKFCMLKLLNQKKGPSQCPLCKNDITKRSLQESTRFSQLVEELLKIICAFQLDTGLEYAN
1728407,MSH2,p.Arg106Gly,P43246,106,R,G,R106G,0,1,1363957627,le_2025_06,0,0.4597,934,33,NLQSVVLSKMNFESFVKDLLLVRQYRVEVYKNRAGNKASKENDWYLAYKASPGNLSQFEDILFGN
3231166,PTEN,p.Asp22Val,P60484,22,D,V,D22V,1,1,1554890398,le_2025_06,0,0.9963,403,22,MTAIIKEIVSRNKRRYQEDGFDLDLTYIYPNIIAMGFPAERLEGVYRNNIDDVV
1780893,MSH2,p.His610Pro,P43246,610,H,P,H610P,1,2,1667236175,le_2025_06,0,0.8398,934,33,VKEIVNISSGYVEPMQTLNDVLAQLDAVVSFAHVSNGAPVPYVRPAILEKGQGRIILKASRHACV
1709805,BRCA1,p.Pro1020Ser,P38398,1020,P,S,P1020S,0,2,2154344816,le_2025_06,0,0.0994,1863,33,SFVKTKCKKNLLEENFEEHSMSPEREMGNENIPSTVSTISRNNIRENVFKEASSSNINEVGSSTN
959232,TP53,p.Ser241Thr,P04637,241,S,T,S241T,1,2,1057520002,le_2025_06,0,0.9465,393,33,RNTFRHSVVVPYEPPEVGSDCTTIHYNYMCNSSCMGGMNRRPILTIITLEDSSGNLLGRNSFEVR
2587533,MSH2,p.Asn903Lys,P43246,903,N,K,N903K,0,1,2104461042,le_2025_06,0,0.1238,934,33,KKCYLEREQGEKIIQEFLSKVKQMPFTEMSEENITIKLKQLKAEVIAKNNSFVNEIISRIKVTT
90737,MSH2,p.Leu556Ser,P43246,556,L,S,L556S,1,2,587779101,le_2025_06,0,0.9897,934,33,RVTCKEEKVLRNNKNFSTVDIQKNGVKFTNSKLTSLNEEYTKNKTEYEEAQDAIVKEIVNISSGY
570175,MSH2,p.Phe58Leu,P43246,58,F,L,F58L,0,2,1219748334,le_2025_06,0,0.9985,934,33,MPEKPTTTVRLFDRGDFYTAHGEDALLAAREVFKTQGVIKYMGPAGAKNLQSVVLSKMNFESFVK
818775,MSH2,p.Gly426Arg,P43246,426,G,R,G426R,1,2,879254234,le_2025_06,0,0.6486,934,33,FQRQAANLQDCYRLYQGINQLPNVIQALEKHEGKHQKLLLAVFVTPLTDLRSDFSKFQEMIETTL
41641,MSH2,p.Leu390Phe,P43246,390,L,F,L390F,0,3,17224367,le_2025_06,0,0.4712,934,33,ERLNLVEAFVEDAELRQTLQEDLLRRFPDLNRLAKKFQRQAANLQDCYRLYQGINQLPNVIQALE
468702,PTEN,p.Met198Lys,P60484,198,M,K,M198K,1,1,1554900635,le_2025_06,0,0.998,403,33,VTIPSQRRYVYYYSYLLKNHLDYRPVALLFHKMMFETIPMFSGGTCNPQFVVCQLKVKIYSSNSG
4111014,MSH2,p.Asn109His,P43246,109,N,H,N109H,0,1,-1,2025H2,0,0.1396,934,33,SVVLSKMNFESFVKDLLLVRQYRVEVYKNRAGNKASKENDWYLAYKASPGNLSQFEDILFGNNDM
486225,PTEN,p.Arg142Pro,P60484,142,R,P,R142P,1,1,753630034,le_2025_06,0,0.998,403,33,QWLSEDDNHVAAIHCKAGKGRTGVMICAYLLHRGKFLKAQEALDFYGEVRTRDKKGVTIPSQRRY
428545,MSH2,p.His801Pro,P43246,801,H,P,H801P,1,2,1114167875,le_2025_06,0,0.9895,934,33,YIATKIGAFCMFATHFHELTALANQIPTVNNLHVTALTTEETLTMLYQVKKGVCDQSFGIHVAEL
184882,TP53,p.Asn247Ile,P04637,247,N,I,N247I,1,2,786201762,le_2025_06,0,0.9966,393,33,SVVVPYEPPEVGSDCTTIHYNYMCNSSCMGGMNRRPILTIITLEDSSGNLLGRNSFEVRVCACPG
462670,BRCA1,p.Leu1780Gln,P38398,1780,L,Q,L1780Q,1,1,80357474,le_2025_06,0,0.9356,1863,33,GPKRARESQDRKIFRGLEICCYGPFTNMPTDQLEWMVQLCGASVVKELSSFTLGTGVHPIVVVQP
142261,PTEN,p.Cys105Tyr,P60484,105,C,Y,C105Y,1,3,587782343,le_2025_06,0,1.0,403,33,ERHYDTAKFNCRVAQYPFEDHNPPQLELIKPFCEDLDQWLSEDDNHVAAIHCKAGKGRTGVMICA
140777,PTEN,p.Ser360Gly,P60484,360,S,G,S360G,0,3,587781273,le_2025_06,0,0.0909,403,33,ANKDKANRYFSPNFKVKLYFTKTVEEPSNPEASSSTSVTPDVSDNEPDHYRYSDTTDSDPENEPF
4215103,BRCA1,p.Glu362Asp,P38398,362,E,D,E362D,0,1,-1,2025H2,0,0.1126,1863,33,DRRTPSTEKKVDLNADPLCERKEWNKQKLPCSENPRDTEDVPWITLNSSIQKVNEWFSRSDELLG
1750073,PTEN,p.Phe195Ser,P60484,195,F,S,F195S,1,1,2132269646,le_2025_06,0,0.9994,403,33,KKGVTIPSQRRYVYYYSYLLKNHLDYRPVALLFHKMMFETIPMFSGGTCNPQFVVCQLKVKIYSS
406601,TP53,p.Asp186Asn,P04637,186,D,N,D186N,0,3,1060501206,le_2025_06,0,0.3448,393,33,GTRVRAMAIYKQSQHMTEVVRRCPHHERCSDSDGLAPPQHLIRVEGNLRVEYLDDRNTFRHSVVV
189402,PTEN,p.His61Arg,P60484,61,H,R,H61R,1,3,398123316,le_2025_06,0,0.9987,403,33,YPNIIAMGFPAERLEGVYRNNIDDVVRFLDSKHKNHYKIYNLCAERHYDTAKFNCRVAQYPFEDH
428243,PTEN,p.Arg15Thr,P60484,15,R,T,R15T,1,3,398123324,le_2025_06,0,0.9999,403,15,MTAIIKEIVSRNKRRYQEDGFDLDLTYIYPNIIAMGFPAERLEGVYR
41830,BRCA1,p.Met1652Ile,P38398,1652,M,I,M1652I,0,3,1799967,le_2025_06,0,0.388,1863,33,TDTAGYNAMEESVSREKPELTASTERVNKRMSMVVSGLTPEEFMLVYKFARKHHITLTNLITEET
55482,BRCA1,p.Arg1751Pro,P38398,1751,R,P,R1751P,1,3,80357442,le_2025_06,0,0.9699,1863,33,VTQSIKERKMLNEHDFEVRGDVVNGRNHQGPKRARESQDRKIFRGLEICCYGPFTNMPTDQLEWM
865661,BRCA1,p.Ser1633Gly,P38398,1633,S,G,S1633G,0,2,1555580711,le_2025_06,0,0.0662,1863,33,KVPQLKVAESAQSPAAAHTTDTAGYNAMEESVSREKPELTASTERVNKRMSMVVSGLTPEEFMLV
2700111,TP53,p.Pro151Ser,P04637,151,P,S,P151S,1,1,1597370899,le_2025_06,0,0.961,393,33,AKSVTCTYSPALNKMFCQLAKTCPVQLWVDSTPPPGTRVRAMAIYKQSQHMTEVVRRCPHHERCS
867748,BRCA1,p.Ile26Met,P38398,26,I,M,I26M,0,1,1555600862,le_2025_06,0,0.8376,1863,26,MDLSALRVEEVQNVINAMQKILECPICLELIKEPVSTKCDHIFCKFCMLKLLNQKKGP
2561335,MSH2,p.Thr335Pro,P43246,335,T,P,T335P,1,1,1573456437,le_2025_06,0,0.9556,934,33,DIAAVRALNLFQGSVEDTTGSQSLAALLNKCKTPQGQRLVNQWIKQPLMDKNRIEERLNLVEAFV
1735603,MSH2,p.Ser129Pro,P43246,129,S,P,S129P,0,1,1383819080,le_2025_06,0,0.6116,934,33,QYRVEVYKNRAGNKASKENDWYLAYKASPGNLSQFEDILFGNNDMSASIGVVGVKMSAVDGQRQV
820717,BRCA1,p.Arg7Leu,P38398,7,R,L,R7L,0,1,144792613,le_2025_06,0,0.2306,1863,7,MDLSALRVEEVQNVINAMQKILECPICLELIKEPVSTKC
1737291,TP53,p.Glu388Gln,P04637,388,E,Q,E388Q,0,1,2150988225,le_2025_06,0,0.1146,393,33,GKEPGGSRAHSSHLKSKKGQSTSRHKKLMFKTEGPDSD
2584100,MSH2,p.Met253Ile,P43246,253,M,I,M253I,0,1,1060502021,le_2025_06,0,0.1196,934,33,GILITERKKADFSTKDIYQDLNRLLKGKKGEQMNSAVLPEMENQVAVSSLSAVIKFLELLSDDSN
231771,PTEN,p.Asn48Lys,P60484,48,N,K,N48K,1,2,762518389,le_2025_06,0,0.9999,403,33,YQEDGFDLDLTYIYPNIIAMGFPAERLEGVYRNNIDDVVRFLDSKHKNHYKIYNLCAERHYDTAK
37709,BRCA1,p.Ser316Gly,P38398,316,S,G,S316G,0,3,55874646,le_2025_06,0,0.1502,1863,33,QHENSSLLLTKDRMNVEKAEFCNKSKQPGLARSQHNRWAGSKETCNDRRTPSTEKKVDLNADPLC
576261,MSH2,p.Ile584Val,P43246,584,I,V,I584V,0,2,1236208777,le_2025_06,0,0.6962,934,33,TNSKLTSLNEEYTKNKTEYEEAQDAIVKEIVNISSGYVEPMQTLNDVLAQLDAVVSFAHVSNGAP
4082532,TP53,p.Glu258Lys,P04637,258,E,K,E258K,1,1,-1,2025H2,0,0.9918,393,33,GSDCTTIHYNYMCNSSCMGGMNRRPILTIITLEDSSGNLLGRNSFEVRVCACPGRDRRTEEENLR
54541,BRCA1,p.Ile783Val,P38398,783,I,V,I783V,0,2,80356948,le_2025_06,0,0.0663,1863,33,MLSGERVLQTERSVESSSISLVPGTDYGTQESISLLEVSTLGKAKTEPNKCVSQCAAFENPKGLI
41682,PTEN,p.Ala79Thr,P60484,79,A,T,A79T,0,3,202004587,le_2025_06,0,0.0682,403,33,RNNIDDVVRFLDSKHKNHYKIYNLCAERHYDTAKFNCRVAQYPFEDHNPPQLELIKPFCEDLDQW
90579,MSH2,p.Leu414Pro,P43246,414,L,P,L414P,1,1,587779078,le_2025_06,0,0.9858,934,33,RRFPDLNRLAKKFQRQAANLQDCYRLYQGINQLPNVIQALEKHEGKHQKLLLAVFVTPLTDLRSD
801069,BRCA1,p.Met1Lys,P38398,1,M,K,M1K,1,1,80357111,le_2025_06,0,0.6551,1863,1,MDLSALRVEEVQNVINAMQKILECPICLELIKE
868725,BRCA1,p.Asn16Asp,P38398,16,N,D,N16D,0,1,2055729884,le_2025_06,0,0.1523,1863,16,MDLSALRVEEVQNVINAMQKILECPICLELIKEPVSTKCDHIFCKFCM
185817,PTEN,p.Cys124Gly,P60484,124,C,G,C124G,1,2,121909223,le_2025_06,0,0.9978,403,33,DHNPPQLELIKPFCEDLDQWLSEDDNHVAAIHCKAGKGRTGVMICAYLLHRGKFLKAQEALDFYG
2445306,BRCA1,p.His839Tyr,P38398,839,H,Y,H839Y,0,1,2154373229,le_2025_06,0,0.0722,1863,33,AFENPKGLIHGCSKDNRNDTEGFKYPLGHEVNHSRETSIEMEESELDAQYLQNTFKVSKRQSFAP
1759,MSH2,p.Arg524Pro,P43246,524,R,P,R524P,1,3,63751207,le_2025_06,0,0.9996,934,33,MQSTLISAARDLGLDPGKQIKLDSSAQFGYYFRVTCKEEKVLRNNKNFSTVDIQKNGVKFTNSKL
868433,BRCA1,p.Lys1648Thr,P38398,1648,K,T,K1648T,0,1,201810810,le_2025_06,0,0.1301,1863,33,AAHTTDTAGYNAMEESVSREKPELTASTERVNKRMSMVVSGLTPEEFMLVYKFARKHHITLTNLI
220448,MSH2,p.Arg55Gln,P43246,55,R,Q,R55Q,0,3,748196422,le_2025_06,0,0.1447,934,33,FQGMPEKPTTTVRLFDRGDFYTAHGEDALLAAREVFKTQGVIKYMGPAGAKNLQSVVLSKMNFES
406578,TP53,p.His179Gln,P04637,179,H,Q,H179Q,1,3,876660821,le_2025_06,0,0.999,393,33,VDSTPPPGTRVRAMAIYKQSQHMTEVVRRCPHHERCSDSDGLAPPQHLIRVEGNLRVEYLDDRNT
867501,BRCA1,p.His1732Asp,P38398,1732,H,D,H1732D,0,1,2051531560,le_2025_06,0,0.0889,1863,33,TLKYFLGIAGGKWVVSYFWVTQSIKERKMLNEHDFEVRGDVVNGRNHQGPKRARESQDRKIFRGL
1778520,TP53,p.Asp57Val,P04637,57,D,V,D57V,0,1,1442824382,le_2025_06,0,0.0902,393,33,LLPENNVLSPLPSQAMDDLMLSPDDIEQWFTEDPGPDEAPRMPEAAPPVAPAPAAPTPAAPAPAP
988617,TP53,p.Gln192His,P04637,192,Q,H,Q192H,0,1,2073344721,le_2025_06,0,0.3598,393,33,MAIYKQSQHMTEVVRRCPHHERCSDSDGLAPPQHLIRVEGNLRVEYLDDRNTFRHSVVVPYEPPE
37672,BRCA1,p.Asp1818Gly,P38398,1818,D,G,D1818G,1,2,80357477,le_2025_06,0,0.084,1863,33,LCGASVVKELSSFTLGTGVHPIVVVQPDAWTEDNGFHAIGQMCEAPVVTREWVLDSVALYQCQEL
404160,PTEN,p.Tyr27Cys,P60484,27,Y,C,Y27C,1,3,886041877,le_2025_06,0,0.9817,403,27,MTAIIKEIVSRNKRRYQEDGFDLDLTYIYPNIIAMGFPAERLEGVYRNNIDDVVRFLDS
867686,BRCA1,p.Trp1712Gly,P38398,1712,W,G,W1712G,1,1,2051913334,le_2025_06,0,0.8757,1863,33,ITEETTHVVMKTDAEFVCERTLKYFLGIAGGKWVVSYFWVTQSIKERKMLNEHDFEVRGDVVNGR
868573,BRCA1,p.Val1687Ile,P38398,1687,V,I,V1687I,0,1,2052161154,le_2025_06,0,0.0909,1863,33,SGLTPEEFMLVYKFARKHHITLTNLITEETTHVVMKTDAEFVCERTLKYFLGIAGGKWVVSYFWV
3460304,TP53,p.Glu204Asp,P04637,204,E,D,E204D,0,1,-1,le_2025_06,0,0.1919,393,33,VVRRCPHHERCSDSDGLAPPQHLIRVEGNLRVEYLDDRNTFRHSVVVPYEPPEVGSDCTTIHYNY
208723,PTEN,p.Asp24Gly,P60484,24,D,G,D24G,1,2,797044910,le_2025_06,0,0.9998,403,24,MTAIIKEIVSRNKRRYQEDGFDLDLTYIYPNIIAMGFPAERLEGVYRNNIDDVVRF
867583,BRCA1,p.His1686Asp,P38398,1686,H,D,H1686D,1,2,1555579648,le_2025_06,0,0.9197,1863,33,VSGLTPEEFMLVYKFARKHHITLTNLITEETTHVVMKTDAEFVCERTLKYFLGIAGGKWVVSYFW
182946,TP53,p.Pro82Leu,P04637,82,P,L,P82L,0,3,534447939,le_2025_06,0,0.0705,393,33,IEQWFTEDPGPDEAPRMPEAAPPVAPAPAAPTPAAPAPAPSWPLSSSVPSQKTYQGSYGFRLGFL
1019612,TP53,p.Arg337Ser,P04637,337,R,S,R337S,1,3,587782529,le_2025_06,0,0.976,393,33,KRALPNNTSSSPQPKKKPLDGEYFTLQIRGRERFEMFRELNEALELKDAQAGKEPGGSRAHSSHL
623214,PTEN,p.Val255Glu,P60484,255,V,E,V255E,1,2,1564566998,le_2025_06,0,0.9995,403,33,KIYSSNSGPTRREDKFMYFEFPQPLPVCGDIKVEFFHKQNKMLKKDKMFHFWVNTFFIPGPEETS
55193,BRCA1,p.Asn1468His,P38398,1468,N,H,N1468H,0,3,80357022,le_2025_06,0,0.1123,1863,33,SSALEDLRNPEQSTSEKAVLTSQKSSEYPISQNPEGLSADKFEVSADSSTSKNKEPGVERSSPSK
55483,BRCA1,p.Ala1752Pro,P38398,1752,A,P,A1752P,1,2,80357074,le_2025_06,0,0.97,1863,33,TQSIKERKMLNEHDFEVRGDVVNGRNHQGPKRARESQDRKIFRGLEICCYGPFTNMPTDQLEWMV
2758378,TP53,p.Leu344Arg,P04637,344,L,R,L344R,1,3,121912662,le_2025_06,0,0.9599,393,33,TSSSPQPKKKPLDGEYFTLQIRGRERFEMFRELNEALELKDAQAGKEPGGSRAHSSHLKSKKGQS
1782882,MSH2,p.Val644Ile,P43246,644,V,I,V644I,0,1,1667246068,le_2025_06,0,0.0868,934,33,SNGAPVPYVRPAILEKGQGRIILKASRHACVEVQDEIAFIPNDVYFEKDKQMFHIITGPNMGGKS
868673,BRCA1,p.Gly1706Val,P38398,1706,G,V,G1706V,1,1,80356860,le_2025_06,0,0.958,1863,33,ITLTNLITEETTHVVMKTDAEFVCERTLKYFLGIAGGKWVVSYFWVTQSIKERKMLNEHDFEVRG
3809677,TP53,p.Pro72Arg,P04637,72,P,R,P72R,0,1,-1,le_2025_06,0,0.0724,393,33,MDDLMLSPDDIEQWFTEDPGPDEAPRMPEAAPPVAPAPAAPTPAAPAPAPSWPLSSSVPSQKTYQ
868921,BRCA1,p.Ala1823Pro,P38398,1823,A,P,A1823P,1,1,80357212,le_2025_06,0,0.1901,1863,33,VVKELSSFTLGTGVHPIVVVQPDAWTEDNGFHAIGQMCEAPVVTREWVLDSVALYQCQELDTYLI
55573,BRCA1,p.Val1809Phe,P38398,1809,V,F,V1809F,1,3,28897698,le_2025_06,0,0.8344,1863,33,TDQLEWMVQLCGASVVKELSSFTLGTGVHPIVVVQPDAWTEDNGFHAIGQMCEAPVVTREWVLDS
376017,TP53,p.Val173Ala,P04637,173,V,A,V173A,1,2,1057519747,le_2025_06,0,0.9926,393,33,CPVQLWVDSTPPPGTRVRAMAIYKQSQHMTEVVRRCPHHERCSDSDGLAPPQHLIRVEGNLRVEY
2453497,MSH2,p.Ser928Leu,P43246,928,S,L,S928L,0,1,1802577,le_2025_06,0,0.1292,934,33,FTEMSEENITIKLKQLKAEVIAKNNSFVNEIISRIKVTT
218040,MSH2,p.Arg621Leu,P43246,621,R,L,R621L,1,2,759263820,le_2025_06,0,0.8546,934,33,VEPMQTLNDVLAQLDAVVSFAHVSNGAPVPYVRPAILEKGQGRIILKASRHACVEVQDEIAFIPN
428235,PTEN,p.Ile135Lys,P60484,135,I,K,I135K,1,2,370795352,le_2025_06,0,0.9999,403,33,PFCEDLDQWLSEDDNHVAAIHCKAGKGRTGVMICAYLLHRGKFLKAQEALDFYGEVRTRDKKGVT
1991825,MSH2,p.Gly47Arg,P43246,47,G,R,G47R,0,1,763573151,le_2025_06,0,0.9118,934,33,AEVGFVRFFQGMPEKPTTTVRLFDRGDFYTAHGEDALLAAREVFKTQGVIKYMGPAGAKNLQSVV
428207,PTEN,p.Lys254Thr,P60484,254,K,T,K254T,1,2,1114167633,le_2025_06,0,0.9954,403,33,VKIYSSNSGPTRREDKFMYFEFPQPLPVCGDIKVEFFHKQNKMLKKDKMFHFWVNTFFIPGPEET
189484,PTEN,p.Gly129Arg,P60484,129,G,R,G129R,1,2,786204929,le_2025_06,0,1.0,403,33,QLELIKPFCEDLDQWLSEDDNHVAAIHCKAGKGRTGVMICAYLLHRGKFLKAQEALDFYGEVRTR
2001733,PTEN,p.Asp19Val,P60484,19,D,V,D19V,1,1,1554890392,le_2025_06,0,0.9893,403,19,MTAIIKEIVSRNKRRYQEDGFDLDLTYIYPNIIAMGFPAERLEGVYRNNID
41811,BRCA1,p.Arg866Cys,P38398,866,R,C,R866C,0,3,41286300,le_2025_06,0,0.2416,1863,33,GHEVNHSRETSIEMEESELDAQYLQNTFKVSKRQSFAPFSNPGNAEEECATFSAHSGSLKKQSPK
417832,BRCA1,p.Gly1770Val,P38398,1770,G,V,G1770V,1,3,863224765,le_2025_06,0,0.7912,1863,33,GDVVNGRNHQGPKRARESQDRKIFRGLEICCYGPFTNMPTDQLEWMVQLCGASVVKELSSFTLGT
1061189,MSH2,p.Arg35Leu,P43246,35,R,L,R35L,0,1,1060502012,le_2025_06,0,0.9524,934,33,VQPKETLQLESAAEVGFVRFFQGMPEKPTTTVRLFDRGDFYTAHGEDALLAAREVFKTQGVIKYM
3398561,MSH2,p.Thr31Pro,P43246,31,T,P,T31P,0,1,-1,le_2025_06,0,0.0603,934,31,MAVQPKETLQLESAAEVGFVRFFQGMPEKPTTTVRLFDRGDFYTAHGEDALLAAREVFKTQGV
857109,PTEN,p.Asp326Gly,P60484,326,D,G,D326G,1,2,1860631246,le_2025_06,0,0.9996,403,33,SLCDQEIDSICSIERADNDKEYLVLTLTKNDLDKANKDKANRYFSPNFKVKLYFTKTVEEPSNPE
458566,TP53,p.Gly266Arg,P04637,266,G,R,G266R,1,2,1057519990,le_2025_06,0,0.9986,393,33,YNYMCNSSCMGGMNRRPILTIITLEDSSGNLLGRNSFEVRVCACPGRDRRTEEENLRKKGEPHHE
864997,BRCA1,p.Lys1711Asn,P38398,1711,K,N,K1711N,0,1,1597820025,le_2025_06,0,0.8769,1863,33,LITEETTHVVMKTDAEFVCERTLKYFLGIAGGKWVVSYFWVTQSIKERKMLNEHDFEVRGDVVNG
240819,BRCA1,p.Gly1748Arg,P38398,1748,G,R,G1748R,1,2,397507245,le_2025_06,0,0.9862,1863,33,YFWVTQSIKERKMLNEHDFEVRGDVVNGRNHQGPKRARESQDRKIFRGLEICCYGPFTNMPTDQL
450154,MSH2,p.Cys333Trp,P43246,333,C,W,C333W,1,2,1553353167,le_2025_06,0,0.9983,934,33,KLDIAAVRALNLFQGSVEDTTGSQSLAALLNKCKTPQGQRLVNQWIKQPLMDKNRIEERLNLVEA
2674283,PTEN,p.Gly127Arg,P60484,127,G,R,G127R,1,1,587781255,le_2025_06,0,1.0,403,33,PPQLELIKPFCEDLDQWLSEDDNHVAAIHCKAGKGRTGVMICAYLLHRGKFLKAQEALDFYGEVR
267221,BRCA1,p.Gly1706Arg,P38398,1706,G,R,G1706R,1,2,886040864,le_2025_06,0,0.9885,1863,33,ITLTNLITEETTHVVMKTDAEFVCERTLKYFLGIAGGKWVVSYFWVTQSIKERKMLNEHDFEVRG
2453504,MSH2,p.Val655Leu,P43246,655,V,L,V655L,0,1,549467183,le_2025_06,0,0.3952,934,33,AILEKGQGRIILKASRHACVEVQDEIAFIPNDVYFEKDKQMFHIITGPNMGGKSTYIRQTGVIVL
3296237,MSH2,p.Thr495Lys,P43246,495,T,K,T495K,0,1,-1,le_2025_06,0,0.3421,934,33,VENHEFLVKPSFDPNLSELREIMNDLEKKMQSTLISAARDLGLDPGKQIKLDSSAQFGYYFRVTC
1780308,MSH2,p.Ala600Asp,P43246,600,A,D,A600D,1,1,63751236,le_2025_06,0,0.9929,934,33,TEYEEAQDAIVKEIVNISSGYVEPMQTLNDVLAQLDAVVSFAHVSNGAPVPYVRPAILEKGQGRI
54912,BRCA1,p.Val1181Ala,P38398,1181,V,A,V1181A,0,1,80357032,le_2025_06,0,0.1232,1863,33,TPDDLLDDGEIKEDTSFAENDIKESSAVFSKSVQKGELSRSPSPFTHTHLAQGYRRGAKKLESSE
819917,MSH2,p.Ala573Val,P43246,573,A,V,A573V,0,1,1573560525,le_2025_06,0,0.2813,934,33,TVDIQKNGVKFTNSKLTSLNEEYTKNKTEYEEAQDAIVKEIVNISSGYVEPMQTLNDVLAQLDAV
483675,MSH2,p.Met866Val,P43246,866,M,V,M866V,0,1,1553370453,le_2025_06,0,0.0564,934,33,ANFPKHVIECAKQKALELEEFQYIGESQGYDIMEPAAKKCYLEREQGEKIIQEFLSKVKQMPFTE
90654,MSH2,p.His46Gln,P43246,46,H,Q,H46Q,0,3,33946261,le_2025_06,0,0.9729,934,33,AAEVGFVRFFQGMPEKPTTTVRLFDRGDFYTAHGEDALLAAREVFKTQGVIKYMGPAGAKNLQSV
4111061,MSH2,p.Ile222Phe,P43246,222,I,F,I222F,0,1,-1,2025H2,0,0.3167,934,33,LLIQIGPKECVLPGGETAGDMGKLRQIIQRGGILITERKKADFSTKDIYQDLNRLLKGKKGEQMN
4819386,PTEN,p.Phe90Leu,P60484,90,F,L,F90L,1,1,-1,post_2026_01,1,0.9996,403,33,DSKHKNHYKIYNLCAERHYDTAKFNCRVAQYPFEDHNPPQLELIKPFCEDLDQWLSEDDNHVAAI
55634,BRCA1,p.Pro1859Arg,P38398,1859,P,R,P1859R,0,3,80357322,le_2025_06,0,0.0905,1863,33,MCEAPVVTREWVLDSVALYQCQELDTYLIPQIPHSHY
54418,BRCA1,p.Tyr655Asp,P38398,655,Y,D,Y655D,0,1,80357166,le_2025_06,0,0.0722,1863,33,LELVVSRNLSPPNCTELQIDSCSSSEEIKKKKYNQMPVRHSRNLQLMEGKEPATGAKKSNKPNEQ
3602769,TP53,p.Val147Gly,P04637,147,V,G,V147G,1,2,-1,le_2025_06,0,0.6169,393,33,HSGTAKSVTCTYSPALNKMFCQLAKTCPVQLWVDSTPPPGTRVRAMAIYKQSQHMTEVVRRCPHH
1772564,MSH2,p.Leu478Arg,P43246,478,L,R,L478R,1,2,2104087118,le_2025_06,0,0.9926,934,33,DFSKFQEMIETTLDMDQVENHEFLVKPSFDPNLSELREIMNDLEKKMQSTLISAARDLGLDPGKQ
1794246,MSH2,p.Lys882Asn,P43246,882,K,N,K882N,0,1,2104459444,le_2025_06,0,0.1392,934,33,ELEEFQYIGESQGYDIMEPAAKKCYLEREQGEKIIQEFLSKVKQMPFTEMSEENITIKLKQLKAE
4111026,MSH2,p.Ile841Leu,P43246,841,I,L,I841L,0,1,-1,2025H2,0,0.2189,934,33,ETLTMLYQVKKGVCDQSFGIHVAELANFPKHVIECAKQKALELEEFQYIGESQGYDIMEPAAKKC
234830,PTEN,p.Leu23Val,P60484,23,L,V,L23V,1,3,876661244,le_2025_06,0,0.9813,403,23,MTAIIKEIVSRNKRRYQEDGFDLDLTYIYPNIIAMGFPAERLEGVYRNNIDDVVR
41821,BRCA1,p.Arg1347Gly,P38398,1347,R,G,R1347G,0,3,28897689,le_2025_06,0,0.1184,1863,33,PFLIGSSKQMRHQSESQGVGLSDKELVSDDEERGTGLEENNQEEQSMDSNLGEAASGCESETSVS
182939,TP53,p.Met384Val,P04637,384,M,V,M384V,0,3,730882009,le_2025_06,0,0.0844,393,33,DAQAGKEPGGSRAHSSHLKSKKGQSTSRHKKLMFKTEGPDSD
230758,TP53,p.Met160Ile,P04637,160,M,I,M160I,0,3,772354334,le_2025_06,0,0.9318,393,33,PALNKMFCQLAKTCPVQLWVDSTPPPGTRVRAMAIYKQSQHMTEVVRRCPHHERCSDSDGLAPPQ
3328169,TP53,p.Lys319Thr,P04637,319,K,T,K319T,0,1,-1,le_2025_06,0,0.3128,393,33,ENLRKKGEPHHELPPGSTKRALPNNTSSSPQPKKKPLDGEYFTLQIRGRERFEMFRELNEALELK
1783429,MSH2,p.Asp654Asn,P43246,654,D,N,D654N,0,1,2104348259,le_2025_06,0,0.1535,934,33,PAILEKGQGRIILKASRHACVEVQDEIAFIPNDVYFEKDKQMFHIITGPNMGGKSTYIRQTGVIV
184709,BRCA1,p.Thr333Ala,P38398,333,T,A,T333A,0,3,786201634,le_2025_06,0,0.0957,1863,33,KAEFCNKSKQPGLARSQHNRWAGSKETCNDRRTPSTEKKVDLNADPLCERKEWNKQKLPCSENPR
4075814,PTEN,p.Tyr46Asn,P60484,46,Y,N,Y46N,1,1,-1,2025H2,0,0.9995,403,33,RRYQEDGFDLDLTYIYPNIIAMGFPAERLEGVYRNNIDDVVRFLDSKHKNHYKIYNLCAERHYDT
54319,BRCA1,p.Gly552Val,P38398,552,G,V,G552V,0,1,397508893,le_2025_06,0,0.0985,1863,33,KADLAVQKTPEMINQGTNQTEQNGQVMNITNSGHENKTKGDSIQNEKNPNPIESLEKESAFKTKA
599042,BRCA1,p.Pro798Ala,P38398,798,P,A,P798A,0,1,398122658,le_2025_06,0,0.0809,1863,33,SSSISLVPGTDYGTQESISLLEVSTLGKAKTEPNKCVSQCAAFENPKGLIHGCSKDNRNDTEGFK
1750605,MSH2,p.Glu198Ala,P43246,198,E,A,E198A,1,1,63750327,le_2025_06,0,0.9856,934,33,VDSIQRKLGLCEFPDNDQFSNLEALLIQIGPKECVLPGGETAGDMGKLRQIIQRGGILITERKKA
55247,BRCA1,p.Gln155Glu,P38398,155,Q,E,Q155E,0,3,80357180,le_2025_06,0,0.0946,1863,33,SIIQSMGYRNRAKRLLQSEPENPSLQETSLSVQLSNLGTVRTLRTKQRIQPQKTSVYIELGSDSS
4189261,TP53,p.Ser95Thr,P04637,95,S,T,S95T,0,1,-1,2025H2,0,0.208,393,33,APRMPEAAPPVAPAPAAPTPAAPAPAPSWPLSSSVPSQKTYQGSYGFRLGFLHSGTAKSVTCTYS
1773149,MSH2,p.Asp487Gly,P43246,487,D,G,D487G,0,1,2104089801,le_2025_06,0,0.0863,934,33,ETTLDMDQVENHEFLVKPSFDPNLSELREIMNDLEKKMQSTLISAARDLGLDPGKQIKLDSSAQF
428193,PTEN,p.Val119Phe,P60484,119,V,F,V119F,1,3,139767111,le_2025_06,0,0.9962,403,33,QYPFEDHNPPQLELIKPFCEDLDQWLSEDDNHVAAIHCKAGKGRTGVMICAYLLHRGKFLKAQEA
1341516,PTEN,p.Gly165Val,P60484,165,G,V,G165V,1,2,786204863,le_2025_06,0,0.9994,403,33,VMICAYLLHRGKFLKAQEALDFYGEVRTRDKKGVTIPSQRRYVYYYSYLLKNHLDYRPVALLFHK
867750,BRCA1,p.Cys27Arg,P38398,27,C,R,C27R,1,1,2055713838,le_2025_06,0,0.9984,1863,27,MDLSALRVEEVQNVINAMQKILECPICLELIKEPVSTKCDHIFCKFCMLKLLNQKKGPS
376663,TP53,p.Ser241Tyr,P04637,241,S,Y,S241Y,1,2,28934573,le_2025_06,0,0.9984,393,33,RNTFRHSVVVPYEPPEVGSDCTTIHYNYMCNSSCMGGMNRRPILTIITLEDSSGNLLGRNSFEVR
1761604,MSH2,p.Val3Leu,P43246,3,V,L,V3L,0,1,1257347271,le_2025_06,0,0.2905,934,3,MAVQPKETLQLESAAEVGFVRFFQGMPEKPTTTVR
55246,BRCA1,p.Asp1546Tyr,P38398,1546,D,Y,D1546Y,0,3,28897691,le_2025_06,0,0.0776,1863,33,SGSLQNRNYPSQEELIKVVDVEEQQLEESGPHDLTETSYLPRQDLEGTPYLESGISLFSDDPESD
1775423,TP53,p.Glu349Gly,P04637,349,E,G,E349G,0,1,2543472094,le_2025_06,0,0.7954,393,33,QPKKKPLDGEYFTLQIRGRERFEMFRELNEALELKDAQAGKEPGGSRAHSSHLKSKKGQSTSRHK
2574362,PTEN,p.His64Pro,P60484,64,H,P,H64P,1,2,1589640471,le_2025_06,0,0.9895,403,33,IIAMGFPAERLEGVYRNNIDDVVRFLDSKHKNHYKIYNLCAERHYDTAKFNCRVAQYPFEDHNPP
37600,BRCA1,p.Ser153Arg,P38398,153,S,R,S153R,0,2,28897674,le_2025_06,0,0.3048,1863,33,EVSIIQSMGYRNRAKRLLQSEPENPSLQETSLSVQLSNLGTVRTLRTKQRIQPQKTSVYIELGSD
865165,BRCA1,p.Gly1738Arg,P38398,1738,G,R,G1738R,1,2,80356937,le_2025_06,0,0.9885,1863,33,GIAGGKWVVSYFWVTQSIKERKMLNEHDFEVRGDVVNGRNHQGPKRARESQDRKIFRGLEICCYG
37392,BRCA1,p.Cys39Tyr,P38398,39,C,Y,C39Y,1,2,80357498,le_2025_06,0,0.9926,1863,33,RVEEVQNVINAMQKILECPICLELIKEPVSTKCDHIFCKFCMLKLLNQKKGPSQCPLCKNDITKR
1780163,MSH2,p.Thr60Ser,P43246,60,T,S,T60S,0,1,1573424088,le_2025_06,0,0.6145,934,33,EKPTTTVRLFDRGDFYTAHGEDALLAAREVFKTQGVIKYMGPAGAKNLQSVVLSKMNFESFVKDL
1447487,MSH2,p.Gly614Arg,P43246,614,G,R,G614R,0,1,1380847972,le_2025_06,0,0.4202,934,33,VNISSGYVEPMQTLNDVLAQLDAVVSFAHVSNGAPVPYVRPAILEKGQGRIILKASRHACVEVQD
54402,BRCA1,p.Ser643Gly,P38398,643,S,G,S643G,0,3,80357105,le_2025_06,0,0.1326,1863,33,LRRKSSTRHIHALELVVSRNLSPPNCTELQIDSCSSSEEIKKKKYNQMPVRHSRNLQLMEGKEPA
182937,TP53,p.Ile251Leu,P04637,251,I,L,I251L,1,2,730882007,le_2025_06,0,0.616,393,33,PYEPPEVGSDCTTIHYNYMCNSSCMGGMNRRPILTIITLEDSSGNLLGRNSFEVRVCACPGRDRR
141159,TP53,p.Arg335Cys,P04637,335,R,C,R335C,0,3,375444154,le_2025_06,0,0.5538,393,33,STKRALPNNTSSSPQPKKKPLDGEYFTLQIRGRERFEMFRELNEALELKDAQAGKEPGGSRAHSS
3460301,TP53,p.His193Asn,P04637,193,H,N,H193N,1,2,876658468,le_2025_06,0,0.9845,393,33,AIYKQSQHMTEVVRRCPHHERCSDSDGLAPPQHLIRVEGNLRVEYLDDRNTFRHSVVVPYEPPEV
427595,PTEN,p.Thr202Ile,P60484,202,T,I,T202I,1,1,1085308053,le_2025_06,0,0.9943,403,33,SQRRYVYYYSYLLKNHLDYRPVALLFHKMMFETIPMFSGGTCNPQFVVCQLKVKIYSSNSGPTRR
90791,MSH2,p.Asp603Gly,P43246,603,D,G,D603G,1,3,267607985,le_2025_06,0,0.9856,934,33,EEAQDAIVKEIVNISSGYVEPMQTLNDVLAQLDAVVSFAHVSNGAPVPYVRPAILEKGQGRIILK
506525,BRCA1,p.Leu1276Val,P38398,1276,L,V,L1276V,0,2,876659178,le_2025_06,0,0.0811,1863,33,HSTVATECLSKNTEENLLSLKNSLNDCSNQVILAKASQEHHLSEETKCSASLFSSQCSELEDLTA
37615,BRCA1,p.Met1652Thr,P38398,1652,M,T,M1652T,0,3,80356968,le_2025_06,0,0.6823,1863,33,TDTAGYNAMEESVSREKPELTASTERVNKRMSMVVSGLTPEEFMLVYKFARKHHITLTNLITEET
3913579,MSH2,p.Asn361His,P43246,361,N,H,N361H,0,1,-1,2025H2,0,0.2211,934,33,LLNKCKTPQGQRLVNQWIKQPLMDKNRIEERLNLVEAFVEDAELRQTLQEDLLRRFPDLNRLAKK
1050740,BRCA1,p.Asp414Tyr,P38398,414,D,Y,D414Y,0,1,2154464961,le_2025_06,0,0.1231,1863,33,VNEWFSRSDELLGSDDSHDGESESNAKVADVLDVLNEVDEYSGSSEKIDLLASDPHEALICKSER
428867,TP53,p.Arg267Pro,P04637,267,R,P,R267P,1,2,587780075,le_2025_06,0,0.9992,393,33,NYMCNSSCMGGMNRRPILTIITLEDSSGNLLGRNSFEVRVCACPGRDRRTEEENLRKKGEPHHEL
1469992,MSH2,p.Ile217Val,P43246,217,I,V,I217V,0,1,762436663,le_2025_06,0,0.0878,934,33,SNLEALLIQIGPKECVLPGGETAGDMGKLRQIIQRGGILITERKKADFSTKDIYQDLNRLLKGKK
864931,BRCA1,p.Ala1830Ser,P38398,1830,A,S,A1830S,1,1,80357393,le_2025_06,0,0.1234,1863,33,FTLGTGVHPIVVVQPDAWTEDNGFHAIGQMCEAPVVTREWVLDSVALYQCQELDTYLIPQIPHSH
455537,MSH2,p.Pro670Arg,P43246,670,P,R,P670R,0,2,41294982,le_2025_06,0,0.9915,934,33,RHACVEVQDEIAFIPNDVYFEKDKQMFHIITGPNMGGKSTYIRQTGVIVLMAQIGCFVPCESAEV
428266,PTEN,p.Gly20Val,P60484,20,G,V,G20V,1,3,1064795967,le_2025_06,0,0.9934,403,20,MTAIIKEIVSRNKRRYQEDGFDLDLTYIYPNIIAMGFPAERLEGVYRNNIDD
2764628,PTEN,p.Leu108Arg,P60484,108,L,R,L108R,1,1,1064793243,le_2025_06,0,0.9973,403,33,YDTAKFNCRVAQYPFEDHNPPQLELIKPFCEDLDQWLSEDDNHVAAIHCKAGKGRTGVMICAYLL
2499958,PTEN,p.Lys66Glu,P60484,66,K,E,K66E,1,1,1554897271,le_2025_06,0,0.9937,403,33,AMGFPAERLEGVYRNNIDDVVRFLDSKHKNHYKIYNLCAERHYDTAKFNCRVAQYPFEDHNPPQL
433893,MSH2,p.Ser676Leu,P43246,676,S,L,S676L,1,1,1057520735,le_2025_06,0,0.9987,934,33,VQDEIAFIPNDVYFEKDKQMFHIITGPNMGGKSTYIRQTGVIVLMAQIGCFVPCESAEVSIVDCI
55284,BRCA1,p.Arg1589His,P38398,1589,R,H,R1589H,0,2,80357341,le_2025_06,0,0.0638,1863,33,DLEGTPYLESGISLFSDDPESDPSEDRAPESARVGNIPSSTSALKVPQLKVAESAQSPAAAHTTD
826091,MSH2,p.Cys199Trp,P43246,199,C,W,C199W,1,1,1573441776,le_2025_06,0,0.9879,934,33,DSIQRKLGLCEFPDNDQFSNLEALLIQIGPKECVLPGGETAGDMGKLRQIIQRGGILITERKKAD
1066604,MSH2,p.Arg359Ile,P43246,359,R,I,R359I,1,2,63751604,le_2025_06,0,0.9846,934,33,AALLNKCKTPQGQRLVNQWIKQPLMDKNRIEERLNLVEAFVEDAELRQTLQEDLLRRFPDLNRLA
223142,PTEN,p.Leu247Ser,P60484,247,L,S,L247S,1,3,1057519368,le_2025_06,0,0.9951,403,33,FVVCQLKVKIYSSNSGPTRREDKFMYFEFPQPLPVCGDIKVEFFHKQNKMLKKDKMFHFWVNTFF
943637,PTEN,p.Asn31Asp,P60484,31,N,D,N31D,1,3,1859093459,le_2025_06,0,0.769,403,31,MTAIIKEIVSRNKRRYQEDGFDLDLTYIYPNIIAMGFPAERLEGVYRNNIDDVVRFLDSKHKN
37632,BRCA1,p.Asp1692Asn,P38398,1692,D,N,D1692N,1,2,80187739,le_2025_06,0,0.2943,1863,33,EEFMLVYKFARKHHITLTNLITEETTHVVMKTDAEFVCERTLKYFLGIAGGKWVVSYFWVTQSIK
4111039,MSH2,p.His665Leu,P43246,665,H,L,H665L,0,1,-1,2025H2,0,0.2571,934,33,ILKASRHACVEVQDEIAFIPNDVYFEKDKQMFHIITGPNMGGKSTYIRQTGVIVLMAQIGCFVPC
186363,TP53,p.Asp49Asn,P04637,49,D,N,D49N,0,3,587780728,le_2025_06,0,0.0733,393,33,ETFSDLWKLLPENNVLSPLPSQAMDDLMLSPDDIEQWFTEDPGPDEAPRMPEAAPPVAPAPAAPT
823452,TP53,p.Arg110Gly,P04637,110,R,G,R110G,1,3,587781371,le_2025_06,0,0.2211,393,33,AAPTPAAPAPAPSWPLSSSVPSQKTYQGSYGFRLGFLHSGTAKSVTCTYSPALNKMFCQLAKTCP
820674,MSH2,p.Phe694Ile,P43246,694,F,I,F694I,1,2,63751409,le_2025_06,0,0.9292,934,33,QMFHIITGPNMGGKSTYIRQTGVIVLMAQIGCFVPCESAEVSIVDCILARVGAGDSQLKGVSTFM
267508,BRCA1,p.Cys47Ser,P38398,47,C,S,C47S,1,1,80357370,le_2025_06,0,0.9969,1863,33,INAMQKILECPICLELIKEPVSTKCDHIFCKFCMLKLLNQKKGPSQCPLCKNDITKRSLQESTRF
1771017,MSH2,p.Gln344Glu,P43246,344,Q,E,Q344E,0,1,63750245,le_2025_06,0,0.1565,934,33,LFQGSVEDTTGSQSLAALLNKCKTPQGQRLVNQWIKQPLMDKNRIEERLNLVEAFVEDAELRQTL
2447341,MSH2,p.Asp283Tyr,P43246,283,D,Y,D283Y,0,2,63750381,le_2025_06,0,0.4178,934,33,EQMNSAVLPEMENQVAVSSLSAVIKFLELLSDDSNFGQFELTTFDFSQYMKLDIAAVRALNLFQG
37455,BRCA1,p.Glu736Ala,P38398,736,E,A,E736A,0,2,397507196,le_2025_06,0,0.1232,1863,33,NAPGSFTKCSNTSELKEFVNPSLPREEKEEKLETVKVSNNAEDPKDLMLSGERVLQTERSVESSS
868170,BRCA1,p.Cys44Ser,P38398,44,C,S,C44S,1,1,80357446,le_2025_06,0,0.9964,1863,33,QNVINAMQKILECPICLELIKEPVSTKCDHIFCKFCMLKLLNQKKGPSQCPLCKNDITKRSLQES
825458,PTEN,p.Ser170Arg,P60484,170,S,R,S170R,1,2,121909221,le_2025_06,0,0.9999,403,33,YLLHRGKFLKAQEALDFYGEVRTRDKKGVTIPSQRRYVYYYSYLLKNHLDYRPVALLFHKMMFET
233951,TP53,p.Val173Met,P04637,173,V,M,V173M,1,3,876660754,le_2025_06,0,0.9974,393,33,CPVQLWVDSTPPPGTRVRAMAIYKQSQHMTEVVRRCPHHERCSDSDGLAPPQHLIRVEGNLRVEY
92819,PTEN,p.Pro96Ser,P60484,96,P,S,P96S,1,1,398123320,le_2025_06,0,0.9995,403,33,HYKIYNLCAERHYDTAKFNCRVAQYPFEDHNPPQLELIKPFCEDLDQWLSEDDNHVAAIHCKAGK
142269,PTEN,p.Pro246Leu,P60484,246,P,L,P246L,1,3,587782350,le_2025_06,0,0.9408,403,33,QFVVCQLKVKIYSSNSGPTRREDKFMYFEFPQPLPVCGDIKVEFFHKQNKMLKKDKMFHFWVNTF
1777832,MSH2,p.Asn560Asp,P43246,560,N,D,N560D,0,1,2528828897,le_2025_06,0,0.5945,934,33,KEEKVLRNNKNFSTVDIQKNGVKFTNSKLTSLNEEYTKNKTEYEEAQDAIVKEIVNISSGYVEPM
3874907,MSH2,p.Ser473Ala,P43246,473,S,A,S473A,0,1,-1,le_2025_06,0,0.1124,934,33,TDLRSDFSKFQEMIETTLDMDQVENHEFLVKPSFDPNLSELREIMNDLEKKMQSTLISAARDLGL
376593,TP53,p.Glu286Ala,P04637,286,E,A,E286A,1,1,1057519985,le_2025_06,0,0.8823,393,33,IITLEDSSGNLLGRNSFEVRVCACPGRDRRTEEENLRKKGEPHHELPPGSTKRALPNNTSSSPQP
1796426,TP53,p.Ser94Leu,P04637,94,S,L,S94L,0,1,2151040269,le_2025_06,0,0.418,393,33,EAPRMPEAAPPVAPAPAAPTPAAPAPAPSWPLSSSVPSQKTYQGSYGFRLGFLHSGTAKSVTCTY
2674577,MSH2,p.Pro696Arg,P43246,696,P,R,P696R,1,1,267607994,le_2025_06,0,0.9926,934,33,FHIITGPNMGGKSTYIRQTGVIVLMAQIGCFVPCESAEVSIVDCILARVGAGDSQLKGVSTFMAE
409370,BRCA1,p.Arg1753Ser,P38398,1753,R,S,R1753S,1,1,771577266,le_2025_06,0,0.9788,1863,33,QSIKERKMLNEHDFEVRGDVVNGRNHQGPKRARESQDRKIFRGLEICCYGPFTNMPTDQLEWMVQ
4651382,MSH2,p.Phe887Leu,P43246,887,F,L,F887L,0,1,-1,post_2026_01,1,0.9179,934,33,QYIGESQGYDIMEPAAKKCYLEREQGEKIIQEFLSKVKQMPFTEMSEENITIKLKQLKAEVIAKN
55406,BRCA1,p.Gly1706Ala,P38398,1706,G,A,G1706A,0,3,80356860,le_2025_06,0,0.4904,1863,33,ITLTNLITEETTHVVMKTDAEFVCERTLKYFLGIAGGKWVVSYFWVTQSIKERKMLNEHDFEVRG
480764,TP53,p.Met246Lys,P04637,246,M,K,M246K,1,2,587780074,le_2025_06,0,0.9922,393,33,HSVVVPYEPPEVGSDCTTIHYNYMCNSSCMGGMNRRPILTIITLEDSSGNLLGRNSFEVRVCACP
41819,BRCA1,p.Leu1261Phe,P38398,1261,L,F,L1261F,0,1,80356831,le_2025_06,0,0.0905,1863,33,LLFGKVNNIPSQSTRHSTVATECLSKNTEENLLSLKNSLNDCSNQVILAKASQEHHLSEETKCSA
867649,BRCA1,p.Lys1702Gln,P38398,1702,K,Q,K1702Q,1,1,2051925024,le_2025_06,0,0.8693,1863,33,RKHHITLTNLITEETTHVVMKTDAEFVCERTLKYFLGIAGGKWVVSYFWVTQSIKERKMLNEHDF
245777,TP53,p.Leu265Pro,P04637,265,L,P,L265P,1,2,879253942,le_2025_06,0,0.9913,393,33,HYNYMCNSSCMGGMNRRPILTIITLEDSSGNLLGRNSFEVRVCACPGRDRRTEEENLRKKGEPHH
54200,BRCA1,p.Cys44Phe,P38398,44,C,F,C44F,1,3,80357446,le_2025_06,0,0.9946,1863,33,QNVINAMQKILECPICLELIKEPVSTKCDHIFCKFCMLKLLNQKKGPSQCPLCKNDITKRSLQES
3338486,BRCA1,p.Asp390Gly,P38398,390,D,G,D390G,0,1,-1,le_2025_06,0,0.0894,1863,33,LPCSENPRDTEDVPWITLNSSIQKVNEWFSRSDELLGSDDSHDGESESNAKVADVLDVLNEVDEY
141483,TP53,p.Glu298Lys,P04637,298,E,K,E298K,0,3,201744589,le_2025_06,0,0.0768,393,33,GRNSFEVRVCACPGRDRRTEEENLRKKGEPHHELPPGSTKRALPNNTSSSPQPKKKPLDGEYFTL
976722,PTEN,p.Met35Leu,P60484,35,M,L,M35L,1,1,876659443,le_2025_06,0,0.9581,403,33,AIIKEIVSRNKRRYQEDGFDLDLTYIYPNIIAMGFPAERLEGVYRNNIDDVVRFLDSKHKNHYKI
561171,MSH2,p.Pro349Arg,P43246,349,P,R,P349R,1,3,1558466685,le_2025_06,0,0.9933,934,33,VEDTTGSQSLAALLNKCKTPQGQRLVNQWIKQPLMDKNRIEERLNLVEAFVEDAELRQTLQEDLL
54746,BRCA1,p.Met1Arg,P38398,1,M,R,M1R,1,2,80357111,le_2025_06,0,0.5555,1863,1,MDLSALRVEEVQNVINAMQKILECPICLELIKE
55550,BRCA1,p.Gly1788Cys,P38398,1788,G,C,G1788C,1,2,397509271,le_2025_06,0,0.8435,1863,33,QDRKIFRGLEICCYGPFTNMPTDQLEWMVQLCGASVVKELSSFTLGTGVHPIVVVQPDAWTEDNG
54604,BRCA1,p.Tyr856His,P38398,856,Y,H,Y856H,0,3,80356892,le_2025_06,0,0.1695,1863,33,NDTEGFKYPLGHEVNHSRETSIEMEESELDAQYLQNTFKVSKRQSFAPFSNPGNAEEECATFSAH
189398,PTEN,p.Asp24Tyr,P60484,24,D,Y,D24Y,1,2,786201995,le_2025_06,0,0.9995,403,24,MTAIIKEIVSRNKRRYQEDGFDLDLTYIYPNIIAMGFPAERLEGVYRNNIDDVVRF
634756,TP53,p.Ile232Ser,P04637,232,I,S,I232S,1,1,587781589,le_2025_06,0,0.9826,393,33,NLRVEYLDDRNTFRHSVVVPYEPPEVGSDCTTIHYNYMCNSSCMGGMNRRPILTIITLEDSSGNL
55111,BRCA1,p.Val1378Ile,P38398,1378,V,I,V1378I,0,3,28897690,le_2025_06,0,0.0686,1863,33,ERGTGLEENNQEEQSMDSNLGEAASGCESETSVSEDCSGLSSQSDILTTQQRDTMQHNLIKLQQE
1761541,TP53,p.Arg267Gly,P04637,267,R,G,R267G,1,2,55832599,le_2025_06,0,0.9913,393,33,NYMCNSSCMGGMNRRPILTIITLEDSSGNLLGRNSFEVRVCACPGRDRRTEEENLRKKGEPHHEL
4111015,MSH2,p.Phe313Leu,P43246,313,F,L,F313L,0,1,-1,2025H2,0,0.8374,934,33,SDDSNFGQFELTTFDFSQYMKLDIAAVRALNLFQGSVEDTTGSQSLAALLNKCKTPQGQRLVNQW
55075,BRCA1,p.Asp1337Glu,P38398,1337,D,E,D1337E,0,1,80356886,le_2025_06,0,0.1584,1863,33,DLTANTNTQDPFLIGSSKQMRHQSESQGVGLSDKELVSDDEERGTGLEENNQEEQSMDSNLGEAA
376563,TP53,p.Cys135Gly,P04637,135,C,G,C135G,1,3,1057519975,le_2025_06,0,0.9352,393,33,YQGSYGFRLGFLHSGTAKSVTCTYSPALNKMFCQLAKTCPVQLWVDSTPPPGTRVRAMAIYKQSQ
869092,BRCA1,p.Val14Ile,P38398,14,V,I,V14I,0,1,2055732548,le_2025_06,0,0.1611,1863,14,MDLSALRVEEVQNVINAMQKILECPICLELIKEPVSTKCDHIFCKF
1756711,MSH2,p.Thr234Lys,P43246,234,T,K,T234K,0,1,730881773,le_2025_06,0,0.3407,934,33,PGGETAGDMGKLRQIIQRGGILITERKKADFSTKDIYQDLNRLLKGKKGEQMNSAVLPEMENQVA
215997,TP53,p.Cys275Tyr,P04637,275,C,Y,C275Y,1,2,863224451,le_2025_06,0,0.9996,393,33,MGGMNRRPILTIITLEDSSGNLLGRNSFEVRVCACPGRDRRTEEENLRKKGEPHHELPPGSTKRA
141056,TP53,p.Asp48Glu,P04637,48,D,E,D48E,0,3,587781460,le_2025_06,0,0.0657,393,33,QETFSDLWKLLPENNVLSPLPSQAMDDLMLSPDDIEQWFTEDPGPDEAPRMPEAAPPVAPAPAAP
219759,TP53,p.Tyr234Asp,P04637,234,Y,D,Y234D,1,2,864622237,le_2025_06,0,0.9975,393,33,RVEYLDDRNTFRHSVVVPYEPPEVGSDCTTIHYNYMCNSSCMGGMNRRPILTIITLEDSSGNLLG
462619,BRCA1,p.Leu1223Phe,P38398,1223,L,F,L1223F,0,2,1555587309,le_2025_06,0,0.1583,1863,33,SPFTHTHLAQGYRRGAKKLESSEENLSSEDEELPCFQHLLFGKVNNIPSQSTRHSTVATECLSKN
91656,BRCA1,p.Leu1839Ser,P38398,1839,L,S,L1839S,1,3,398122702,le_2025_06,0,0.9413,1863,33,IVVVQPDAWTEDNGFHAIGQMCEAPVVTREWVLDSVALYQCQELDTYLIPQIPHSHY
90986,MSH2,p.Ala834Thr,P43246,834,A,T,A834T,0,3,63750757,le_2025_06,0,0.6115,934,33,VTALTTEETLTMLYQVKKGVCDQSFGIHVAELANFPKHVIECAKQKALELEEFQYIGESQGYDIM
427582,PTEN,p.Gly44Asp,P60484,44,G,D,G44D,1,2,1085308042,le_2025_06,0,0.9982,403,33,NKRRYQEDGFDLDLTYIYPNIIAMGFPAERLEGVYRNNIDDVVRFLDSKHKNHYKIYNLCAERHY
3398610,MSH2,p.Lys430Glu,P43246,430,K,E,K430E,0,1,-1,le_2025_06,0,0.1222,934,33,AANLQDCYRLYQGINQLPNVIQALEKHEGKHQKLLLAVFVTPLTDLRSDFSKFQEMIETTLDMDQ
54163,BRCA1,p.Ser403Phe,P38398,403,S,F,S403F,0,1,80356934,le_2025_06,0,0.1248,1863,33,PWITLNSSIQKVNEWFSRSDELLGSDDSHDGESESNAKVADVLDVLNEVDEYSGSSEKIDLLASD
1728081,PTEN,p.Cys105Gly,P60484,105,C,G,C105G,1,1,1303165645,le_2025_06,0,0.9953,403,33,ERHYDTAKFNCRVAQYPFEDHNPPQLELIKPFCEDLDQWLSEDDNHVAAIHCKAGKGRTGVMICA
55743,BRCA1,p.Met297Ile,P38398,297,M,I,M297I,0,3,80357103,le_2025_06,0,0.4204,1863,33,SVSNLHVEPCGTNTHASSLQHENSSLLLTKDRMNVEKAEFCNKSKQPGLARSQHNRWAGSKETCN
91245,MSH2,p.Leu310Pro,P43246,310,L,P,L310P,1,3,63750640,le_2025_06,0,0.9974,934,33,ELLSDDSNFGQFELTTFDFSQYMKLDIAAVRALNLFQGSVEDTTGSQSLAALLNKCKTPQGQRLV
376574,TP53,p.Cys238Phe,P04637,238,C,F,C238F,1,2,730882005,le_2025_06,0,0.9996,393,33,LDDRNTFRHSVVVPYEPPEVGSDCTTIHYNYMCNSSCMGGMNRRPILTIITLEDSSGNLLGRNSF
1746476,MSH2,p.Asn400His,P43246,400,N,H,N400H,0,1,2104440786,le_2025_06,0,0.149,934,33,EDAELRQTLQEDLLRRFPDLNRLAKKFQRQAANLQDCYRLYQGINQLPNVIQALEKHEGKHQKLL
376691,TP53,p.Tyr234His,P04637,234,Y,H,Y234H,1,2,864622237,le_2025_06,0,0.9891,393,33,RVEYLDDRNTFRHSVVVPYEPPEVGSDCTTIHYNYMCNSSCMGGMNRRPILTIITLEDSSGNLLG
54714,BRCA1,p.His971Asn,P38398,971,H,N,H971N,0,1,80357478,le_2025_06,0,0.0762,1863,33,VDNAKCSIKGGSRFCLSSQFRGNETGLITPNKHGLLQNPYRIPPLFPIKSFVKTKCKKNLLEENF
428196,PTEN,p.Asp92Ala,P60484,92,D,A,D92A,1,2,1114167623,le_2025_06,0,0.9998,403,33,KHKNHYKIYNLCAERHYDTAKFNCRVAQYPFEDHNPPQLELIKPFCEDLDQWLSEDDNHVAAIHC
1768723,MSH2,p.Lys332Arg,P43246,332,K,R,K332R,0,1,1673074249,le_2025_06,0,0.0653,934,33,MKLDIAAVRALNLFQGSVEDTTGSQSLAALLNKCKTPQGQRLVNQWIKQPLMDKNRIEERLNLVE
867639,BRCA1,p.Cys1847Ser,P38398,1847,C,S,C1847S,0,1,1182000313,le_2025_06,0,0.3322,1863,33,WTEDNGFHAIGQMCEAPVVTREWVLDSVALYQCQELDTYLIPQIPHSHY
37613,BRCA1,p.Ser1613Cys,P38398,1613,S,C,S1613C,0,2,1799966,le_2025_06,0,0.1022,1863,33,EDRAPESARVGNIPSSTSALKVPQLKVAESAQSPAAAHTTDTAGYNAMEESVSREKPELTASTER
2561216,PTEN,p.Arg15Gly,P60484,15,R,G,R15G,1,1,2132145750,le_2025_06,0,0.9994,403,15,MTAIIKEIVSRNKRRYQEDGFDLDLTYIYPNIIAMGFPAERLEGVYR
91649,BRCA1,p.Leu1786Pro,P38398,1786,L,P,L1786P,1,3,398122697,le_2025_06,0,0.9609,1863,33,ESQDRKIFRGLEICCYGPFTNMPTDQLEWMVQLCGASVVKELSSFTLGTGVHPIVVVQPDAWTED
1773807,MSH2,p.Ser498Gly,P43246,498,S,G,S498G,0,1,2104092784,le_2025_06,0,0.0786,934,33,HEFLVKPSFDPNLSELREIMNDLEKKMQSTLISAARDLGLDPGKQIKLDSSAQFGYYFRVTCKEE
37680,BRCA1,p.Trp1837Cys,P38398,1837,W,C,W1837C,1,2,80356914,le_2025_06,0,0.9903,1863,33,HPIVVVQPDAWTEDNGFHAIGQMCEAPVVTREWVLDSVALYQCQELDTYLIPQIPHSHY
54153,BRCA1,p.Cys39Gly,P38398,39,C,G,C39G,1,2,80357164,le_2025_06,0,0.9735,1863,33,RVEEVQNVINAMQKILECPICLELIKEPVSTKCDHIFCKFCMLKLLNQKKGPSQCPLCKNDITKR
869023,BRCA1,p.Gln1848Arg,P38398,1848,Q,R,Q1848R,0,1,2050865445,le_2025_06,0,0.1374,1863,33,TEDNGFHAIGQMCEAPVVTREWVLDSVALYQCQELDTYLIPQIPHSHY
3460327,TP53,p.Glu343Asp,P04637,343,E,D,E343D,0,1,-1,le_2025_06,0,0.1875,393,33,NTSSSPQPKKKPLDGEYFTLQIRGRERFEMFRELNEALELKDAQAGKEPGGSRAHSSHLKSKKGQ
2587531,MSH2,p.His839Gln,P43246,839,H,Q,H839Q,0,2,267608016,le_2025_06,0,0.1312,934,33,TEETLTMLYQVKKGVCDQSFGIHVAELANFPKHVIECAKQKALELEEFQYIGESQGYDIMEPAAK
54401,BRCA1,p.Asp642His,P38398,642,D,H,D642H,0,3,80357344,le_2025_06,0,0.318,1863,33,RLRRKSSTRHIHALELVVSRNLSPPNCTELQIDSCSSSEEIKKKKYNQMPVRHSRNLQLMEGKEP
54456,BRCA1,p.Asp695Tyr,P38398,695,D,Y,D695Y,0,3,28897681,le_2025_06,0,0.1138,1863,33,SRNLQLMEGKEPATGAKKSNKPNEQTSKRHDSDTFPELKLTNAPGSFTKCSNTSELKEFVNPSLP
233136,TP53,p.Arg342Gln,P04637,342,R,Q,R342Q,0,3,375338359,le_2025_06,0,0.104,393,33,NNTSSSPQPKKKPLDGEYFTLQIRGRERFEMFRELNEALELKDAQAGKEPGGSRAHSSHLKSKKG
868763,BRCA1,p.Gln1721His,P38398,1721,Q,H,Q1721H,0,1,1403122031,le_2025_06,0,0.3703,1863,33,MKTDAEFVCERTLKYFLGIAGGKWVVSYFWVTQSIKERKMLNEHDFEVRGDVVNGRNHQGPKRAR
3460308,TP53,p.Ser94Ala,P04637,94,S,A,S94A,0,1,-1,le_2025_06,0,0.1502,393,33,EAPRMPEAAPPVAPAPAAPTPAAPAPAPSWPLSSSVPSQKTYQGSYGFRLGFLHSGTAKSVTCTY
41804,BRCA1,p.Asp411Glu,P38398,411,D,E,D411E,0,3,80357024,le_2025_06,0,0.1223,1863,33,IQKVNEWFSRSDELLGSDDSHDGESESNAKVADVLDVLNEVDEYSGSSEKIDLLASDPHEALICK
638952,BRCA1,p.Cys24Ser,P38398,24,C,S,C24S,1,2,80357410,le_2025_06,0,0.9983,1863,24,MDLSALRVEEVQNVINAMQKILECPICLELIKEPVSTKCDHIFCKFCMLKLLNQKK
54982,BRCA1,p.Thr1242Ala,P38398,1242,T,A,T1242A,0,3,80357037,le_2025_06,0,0.0798,1863,33,ESSEENLSSEDEELPCFQHLLFGKVNNIPSQSTRHSTVATECLSKNTEENLLSLKNSLNDCSNQV
1067498,PTEN,p.Gly165Arg,P60484,165,G,R,G165R,1,2,587782603,le_2025_06,0,0.9999,403,33,VMICAYLLHRGKFLKAQEALDFYGEVRTRDKKGVTIPSQRRYVYYYSYLLKNHLDYRPVALLFHK
1797888,MSH2,p.Val34Leu,P43246,34,V,L,V34L,0,1,1064793541,le_2025_06,0,0.4092,934,33,AVQPKETLQLESAAEVGFVRFFQGMPEKPTTTVRLFDRGDFYTAHGEDALLAAREVFKTQGVIKY
233631,PTEN,p.Cys124Tyr,P60484,124,C,Y,C124Y,1,2,876660535,le_2025_06,0,0.9999,403,33,DHNPPQLELIKPFCEDLDQWLSEDDNHVAAIHCKAGKGRTGVMICAYLLHRGKFLKAQEALDFYG
54192,BRCA1,p.Cys44Arg,P38398,44,C,R,C44R,1,1,80357327,le_2025_06,0,0.9983,1863,33,QNVINAMQKILECPICLELIKEPVSTKCDHIFCKFCMLKLLNQKKGPSQCPLCKNDITKRSLQES
821530,MSH2,p.Tyr863Asp,P43246,863,Y,D,Y863D,0,1,1573579032,le_2025_06,0,0.056,934,33,AELANFPKHVIECAKQKALELEEFQYIGESQGYDIMEPAAKKCYLEREQGEKIIQEFLSKVKQMP
376631,TP53,p.Leu111Arg,P04637,111,L,R,L111R,1,3,1057519997,le_2025_06,0,0.9601,393,33,APTPAAPAPAPSWPLSSSVPSQKTYQGSYGFRLGFLHSGTAKSVTCTYSPALNKMFCQLAKTCPV
54727,BRCA1,p.Arg979Cys,P38398,979,R,C,R979C,0,2,80356970,le_2025_06,0,0.0673,1863,33,KGGSRFCLSSQFRGNETGLITPNKHGLLQNPYRIPPLFPIKSFVKTKCKKNLLEENFEEHSMSPE
90513,MSH2,p.Pro349Arg,P43246,349,P,R,P349R,1,3,587779067,le_2025_06,0,0.9933,934,33,VEDTTGSQSLAALLNKCKTPQGQRLVNQWIKQPLMDKNRIEERLNLVEAFVEDAELRQTLQEDLL
480961,TP53,p.Met246Ile,P04637,246,M,I,M246I,1,2,1019340046,le_2025_06,0,0.9793,393,33,HSVVVPYEPPEVGSDCTTIHYNYMCNSSCMGGMNRRPILTIITLEDSSGNLLGRNSFEVRVCACP
480942,PTEN,p.Ile253Asn,P60484,253,I,N,I253N,1,2,1554825235,le_2025_06,0,0.999,403,33,KVKIYSSNSGPTRREDKFMYFEFPQPLPVCGDIKVEFFHKQNKMLKKDKMFHFWVNTFFIPGPEE
483724,MSH2,p.Gly587Ser,P43246,587,G,S,G587S,1,2,63751140,le_2025_06,0,0.704,934,33,KLTSLNEEYTKNKTEYEEAQDAIVKEIVNISSGYVEPMQTLNDVLAQLDAVVSFAHVSNGAPVPY
865710,BRCA1,p.Asn1647Lys,P38398,1647,N,K,N1647K,0,1,80357302,le_2025_06,0,0.1026,1863,33,AAAHTTDTAGYNAMEESVSREKPELTASTERVNKRMSMVVSGLTPEEFMLVYKFARKHHITLTNL
90750,MSH2,p.Thr564Ala,P43246,564,T,A,T564A,0,3,55778204,le_2025_06,0,0.0644,934,33,VLRNNKNFSTVDIQKNGVKFTNSKLTSLNEEYTKNKTEYEEAQDAIVKEIVNISSGYVEPMQTLN
1067089,PTEN,p.Ala126Pro,P60484,126,A,P,A126P,1,2,1554898129,le_2025_06,0,0.9994,403,33,NPPQLELIKPFCEDLDQWLSEDDNHVAAIHCKAGKGRTGVMICAYLLHRGKFLKAQEALDFYGEV
1742096,PTEN,p.Tyr155Asn,P60484,155,Y,N,Y155N,1,1,398123325,le_2025_06,0,0.9987,403,33,HCKAGKGRTGVMICAYLLHRGKFLKAQEALDFYGEVRTRDKKGVTIPSQRRYVYYYSYLLKNHLD
1783071,MSH2,p.Ile648Val,P43246,648,I,V,I648V,0,2,373475495,le_2025_06,0,0.0585,934,33,PVPYVRPAILEKGQGRIILKASRHACVEVQDEIAFIPNDVYFEKDKQMFHIITGPNMGGKSTYIR
127815,TP53,p.His179Tyr,P04637,179,H,Y,H179Y,1,2,587780070,le_2025_06,0,0.9976,393,33,VDSTPPPGTRVRAMAIYKQSQHMTEVVRRCPHHERCSDSDGLAPPQHLIRVEGNLRVEYLDDRNT
376659,TP53,p.Arg282Pro,P04637,282,R,P,R282P,1,2,730882008,le_2025_06,0,0.9994,393,33,PILTIITLEDSSGNLLGRNSFEVRVCACPGRDRRTEEENLRKKGEPHHELPPGSTKRALPNNTSS
55720,BRCA1,p.Val271Met,P38398,271,V,M,V271M,0,3,80357244,le_2025_06,0,0.1523,1863,33,HQPSNNDLNTTEKRAAERHPEKYQGSSVSNLHVEPCGTNTHASSLQHENSSLLLTKDRMNVEKAE
43588,TP53,p.Pro47Ser,P04637,47,P,S,P47S,0,3,1800371,le_2025_06,0,0.0695,393,33,SQETFSDLWKLLPENNVLSPLPSQAMDDLMLSPDDIEQWFTEDPGPDEAPRMPEAAPPVAPAPAA
90860,MSH2,p.Gly674Arg,P43246,674,G,R,G674R,1,3,63750234,le_2025_06,0,0.9989,934,33,VEVQDEIAFIPNDVYFEKDKQMFHIITGPNMGGKSTYIRQTGVIVLMAQIGCFVPCESAEVSIVD
55453,BRCA1,p.Asp1733Gly,P38398,1733,D,G,D1733G,0,3,80357270,le_2025_06,0,0.1426,1863,33,LKYFLGIAGGKWVVSYFWVTQSIKERKMLNEHDFEVRGDVVNGRNHQGPKRARESQDRKIFRGLE
37660,BRCA1,p.Gly1788Val,P38398,1788,G,V,G1788V,1,3,80357069,le_2025_06,0,0.9249,1863,33,QDRKIFRGLEICCYGPFTNMPTDQLEWMVQLCGASVVKELSSFTLGTGVHPIVVVQPDAWTEDNG
43587,TP53,p.Ala347Asp,P04637,347,A,D,A347D,1,3,397516434,le_2025_06,0,0.9525,393,33,SPQPKKKPLDGEYFTLQIRGRERFEMFRELNEALELKDAQAGKEPGGSRAHSSHLKSKKGQSTSR
3634432,TP53,p.Phe113Leu,P04637,113,F,L,F113L,1,1,-1,le_2025_06,0,0.9964,393,33,TPAAPAPAPSWPLSSSVPSQKTYQGSYGFRLGFLHSGTAKSVTCTYSPALNKMFCQLAKTCPVQL
867253,BRCA1,p.Gly1743Glu,P38398,1743,G,E,G1743E,1,2,1346819781,le_2025_06,0,0.9151,1863,33,KWVVSYFWVTQSIKERKMLNEHDFEVRGDVVNGRNHQGPKRARESQDRKIFRGLEICCYGPFTNM
3231146,PTEN,p.His61Pro,P60484,61,H,P,H61P,1,1,398123316,le_2025_06,0,0.9972,403,33,YPNIIAMGFPAERLEGVYRNNIDDVVRFLDSKHKNHYKIYNLCAERHYDTAKFNCRVAQYPFEDH
37635,BRCA1,p.Cys1697Tyr,P38398,1697,C,Y,C1697Y,1,3,397507241,le_2025_06,0,0.9577,1863,33,VYKFARKHHITLTNLITEETTHVVMKTDAEFVCERTLKYFLGIAGGKWVVSYFWVTQSIKERKML
868567,BRCA1,p.Gly1825Arg,P38398,1825,G,R,G1825R,0,1,398122700,le_2025_06,0,0.1867,1863,33,KELSSFTLGTGVHPIVVVQPDAWTEDNGFHAIGQMCEAPVVTREWVLDSVALYQCQELDTYLIPQ
1783292,MSH2,p.Pro652Arg,P43246,652,P,R,P652R,0,1,267607983,le_2025_06,0,0.6571,934,33,VRPAILEKGQGRIILKASRHACVEVQDEIAFIPNDVYFEKDKQMFHIITGPNMGGKSTYIRQTGV
1685955,MSH2,p.Ala763Pro,P43246,763,A,P,A763P,1,2,1318630651,le_2025_06,0,0.9987,934,33,ETASILRSATKDSLIIIDELGRGTSTYDGFGLAWAISEYIATKIGAFCMFATHFHELTALANQIP
91109,MSH2,p.Gly164Arg,P43246,164,G,R,G164R,1,3,63750582,le_2025_06,0,0.9967,934,33,EDILFGNNDMSASIGVVGVKMSAVDGQRQVGVGYVDSIQRKLGLCEFPDNDQFSNLEALLIQIGP
575811,PTEN,p.Asp252Val,P60484,252,D,V,D252V,1,2,121909239,le_2025_06,0,0.9998,403,33,LKVKIYSSNSGPTRREDKFMYFEFPQPLPVCGDIKVEFFHKQNKMLKKDKMFHFWVNTFFIPGPE
2453506,MSH2,p.Val267Leu,P43246,267,V,L,V267L,0,1,2104165669,le_2025_06,0,0.1673,934,33,KDIYQDLNRLLKGKKGEQMNSAVLPEMENQVAVSSLSAVIKFLELLSDDSNFGQFELTTFDFSQY
41816,BRCA1,p.Pro1099Leu,P38398,1099,P,L,P1099L,0,3,80357201,le_2025_06,0,0.0892,1863,33,NIQAELGRNRGPKLNAMLRLGVLQPEVYKQSLPGSNCKHPEIKKQEYEEVVQTVNTDFSPYLISD
404143,PTEN,p.Leu98Arg,P60484,98,L,R,L98R,1,2,781647403,le_2025_06,0,0.998,403,33,KIYNLCAERHYDTAKFNCRVAQYPFEDHNPPQLELIKPFCEDLDQWLSEDDNHVAAIHCKAGKGR
3296235,MSH2,p.Gln397Pro,P43246,397,Q,P,Q397P,0,1,-1,le_2025_06,0,0.3586,934,33,AFVEDAELRQTLQEDLLRRFPDLNRLAKKFQRQAANLQDCYRLYQGINQLPNVIQALEKHEGKHQ
232793,BRCA1,p.Gln1395His,P38398,1395,Q,H,Q1395H,1,3,80356857,le_2025_06,0,0.6773,1863,33,SNLGEAASGCESETSVSEDCSGLSSQSDILTTQQRDTMQHNLIKLQQEMAELEAVLEQHGSQPSN
132973,TP53,p.His296Tyr,P04637,296,H,Y,H296Y,0,3,672601296,le_2025_06,0,0.0692,393,33,LLGRNSFEVRVCACPGRDRRTEEENLRKKGEPHHELPPGSTKRALPNNTSSSPQPKKKPLDGEYF
865370,BRCA1,p.Met1783Leu,P38398,1783,M,L,M1783L,0,1,80357012,le_2025_06,0,0.4261,1863,33,RARESQDRKIFRGLEICCYGPFTNMPTDQLEWMVQLCGASVVKELSSFTLGTGVHPIVVVQPDAW
1790646,MSH2,p.Leu800Val,P43246,800,L,V,L800V,0,1,766586857,le_2025_06,0,0.1775,934,33,EYIATKIGAFCMFATHFHELTALANQIPTVNNLHVTALTTEETLTMLYQVKKGVCDQSFGIHVAE
1765377,TP53,p.Pro300Leu,P04637,300,P,L,P300L,0,1,909643864,le_2025_06,0,0.0698,393,33,NSFEVRVCACPGRDRRTEEENLRKKGEPHHELPPGSTKRALPNNTSSSPQPKKKPLDGEYFTLQI
428268,PTEN,p.Thr277Arg,P60484,277,T,R,T277R,1,3,398123329,le_2025_06,0,0.9989,403,33,QPLPVCGDIKVEFFHKQNKMLKKDKMFHFWVNTFFIPGPEETSEKVENGSLCDQEIDSICSIERA
231033,TP53,p.Ser260Tyr,P04637,260,S,Y,S260Y,0,3,876658916,le_2025_06,0,0.2029,393,33,DCTTIHYNYMCNSSCMGGMNRRPILTIITLEDSSGNLLGRNSFEVRVCACPGRDRRTEEENLRKK
142988,BRCA1,p.His1805Tyr,P38398,1805,H,Y,H1805Y,0,1,587782873,le_2025_06,0,0.0781,1863,33,TNMPTDQLEWMVQLCGASVVKELSSFTLGTGVHPIVVVQPDAWTEDNGFHAIGQMCEAPVVTREW
54239,BRCA1,p.Tyr465Asp,P38398,465,Y,D,Y465D,0,1,397508869,le_2025_06,0,0.9158,1863,33,ASDPHEALICKSERVHSKSVESNIEDKIFGKTYRKKASLPNLSHVTENLIIGAFVTEPQIIQERP
54139,BRCA1,p.Asn376Ser,P38398,376,N,S,N376S,0,1,80356976,le_2025_06,0,0.1394,1863,33,ADPLCERKEWNKQKLPCSENPRDTEDVPWITLNSSIQKVNEWFSRSDELLGSDDSHDGESESNAK
2567772,MSH2,p.Val644Phe,P43246,644,V,F,V644F,0,1,1667246068,le_2025_06,0,0.1922,934,33,SNGAPVPYVRPAILEKGQGRIILKASRHACVEVQDEIAFIPNDVYFEKDKQMFHIITGPNMGGKS
4771574,MSH2,p.Ala917Val,P43246,917,A,V,A917V,0,1,-1,post_2026_01,1,0.1477,934,33,QEFLSKVKQMPFTEMSEENITIKLKQLKAEVIAKNNSFVNEIISRIKVTT
3398594,MSH2,p.Ile145Phe,P43246,145,I,F,I145F,0,1,-1,le_2025_06,0,0.1695,934,33,KENDWYLAYKASPGNLSQFEDILFGNNDMSASIGVVGVKMSAVDGQRQVGVGYVDSIQRKLGLCE
246221,TP53,p.Arg379His,P04637,379,R,H,R379H,0,3,863224682,le_2025_06,0,0.0667,393,33,ALELKDAQAGKEPGGSRAHSSHLKSKKGQSTSRHKKLMFKTEGPDSD
37505,BRCA1,p.Ala102Gly,P38398,102,A,G,A102G,0,3,80357190,le_2025_06,0,0.1382,1863,33,KRSLQESTRFSQLVEELLKIICAFQLDTGLEYANSYNFAKKENNSPEHLKDEVSIIQSMGYRNRA
1781260,MSH2,p.Pro616Leu,P43246,616,P,L,P616L,0,1,587779965,le_2025_06,0,0.1992,934,33,ISSGYVEPMQTLNDVLAQLDAVVSFAHVSNGAPVPYVRPAILEKGQGRIILKASRHACVEVQDEI
492727,PTEN,p.Ile50Thr,P60484,50,I,T,I50T,1,3,1554893824,le_2025_06,0,0.9498,403,33,EDGFDLDLTYIYPNIIAMGFPAERLEGVYRNNIDDVVRFLDSKHKNHYKIYNLCAERHYDTAKFN
3913555,MSH2,p.Gln518His,P43246,518,Q,H,Q518H,0,1,-1,2025H2,0,0.4223,934,33,NDLEKKMQSTLISAARDLGLDPGKQIKLDSSAQFGYYFRVTCKEEKVLRNNKNFSTVDIQKNGVK
90881,MSH2,p.Pro696Leu,P43246,696,P,L,P696L,1,3,267607994,le_2025_06,0,0.9669,934,33,FHIITGPNMGGKSTYIRQTGVIVLMAQIGCFVPCESAEVSIVDCILARVGAGDSQLKGVSTFMAE
868033,BRCA1,p.Gly1788Ser,P38398,1788,G,S,G1788S,1,1,397509271,le_2025_06,0,0.5047,1863,33,QDRKIFRGLEICCYGPFTNMPTDQLEWMVQLCGASVVKELSSFTLGTGVHPIVVVQPDAWTEDNG
183726,PTEN,p.Cys136Arg,P60484,136,C,R,C136R,1,2,786201044,le_2025_06,0,0.9998,403,33,FCEDLDQWLSEDDNHVAAIHCKAGKGRTGVMICAYLLHRGKFLKAQEALDFYGEVRTRDKKGVTI
428522,MSH2,p.Phe694Ser,P43246,694,F,S,F694S,1,2,1114167857,le_2025_06,0,0.94,934,33,QMFHIITGPNMGGKSTYIRQTGVIVLMAQIGCFVPCESAEVSIVDCILARVGAGDSQLKGVSTFM
3825318,BRCA1,p.Met751Val,P38398,751,M,V,M751V,0,1,-1,le_2025_06,0,0.0702,1863,33,KEFVNPSLPREEKEEKLETVKVSNNAEDPKDLMLSGERVLQTERSVESSSISLVPGTDYGTQESI
485027,TP53,p.Ala307Gly,P04637,307,A,G,A307G,0,1,1457582183,le_2025_06,0,0.1077,393,33,CACPGRDRRTEEENLRKKGEPHHELPPGSTKRALPNNTSSSPQPKKKPLDGEYFTLQIRGRERFE
2587535,MSH2,p.Lys104Glu,P43246,104,K,E,K104E,0,1,1227943908,le_2025_06,0,0.61,934,33,AKNLQSVVLSKMNFESFVKDLLLVRQYRVEVYKNRAGNKASKENDWYLAYKASPGNLSQFEDILF
944445,PTEN,p.Asn12Ile,P60484,12,N,I,N12I,1,1,1085308044,le_2025_06,0,0.9727,403,12,MTAIIKEIVSRNKRRYQEDGFDLDLTYIYPNIIAMGFPAERLEG
427587,PTEN,p.His123Gln,P60484,123,H,Q,H123Q,1,2,1085308045,le_2025_06,0,0.9997,403,33,EDHNPPQLELIKPFCEDLDQWLSEDDNHVAAIHCKAGKGRTGVMICAYLLHRGKFLKAQEALDFY
2673350,MSH2,p.Gly683Arg,P43246,683,G,R,G683R,1,1,267607995,le_2025_06,0,0.9966,934,33,IPNDVYFEKDKQMFHIITGPNMGGKSTYIRQTGVIVLMAQIGCFVPCESAEVSIVDCILARVGAG
645314,MSH2,p.Lys65Glu,P43246,65,K,E,K65E,0,2,1465016316,le_2025_06,0,0.9854,934,33,TVRLFDRGDFYTAHGEDALLAAREVFKTQGVIKYMGPAGAKNLQSVVLSKMNFESFVKDLLLVRQ
536551,PTEN,p.Leu152Pro,P60484,152,L,P,L152P,1,2,1554898197,le_2025_06,0,0.9999,403,33,AAIHCKAGKGRTGVMICAYLLHRGKFLKAQEALDFYGEVRTRDKKGVTIPSQRRYVYYYSYLLKN
419769,PTEN,p.Arg15Ser,P60484,15,R,S,R15S,1,2,1064794096,le_2025_06,0,0.9999,403,15,MTAIIKEIVSRNKRRYQEDGFDLDLTYIYPNIIAMGFPAERLEGVYR
988004,PTEN,p.Lys13Glu,P60484,13,K,E,K13E,1,2,1554890348,le_2025_06,0,0.9997,403,13,MTAIIKEIVSRNKRRYQEDGFDLDLTYIYPNIIAMGFPAERLEGV
125791,BRCA1,p.Ser1722Pro,P38398,1722,S,P,S1722P,1,2,483353100,le_2025_06,0,0.9865,1863,33,KTDAEFVCERTLKYFLGIAGGKWVVSYFWVTQSIKERKMLNEHDFEVRGDVVNGRNHQGPKRARE
2453500,MSH2,p.Ser271Phe,P43246,271,S,F,S271F,0,1,139891783,le_2025_06,0,0.4614,934,33,QDLNRLLKGKKGEQMNSAVLPEMENQVAVSSLSAVIKFLELLSDDSNFGQFELTTFDFSQYMKLD
55615,BRCA1,p.Leu1844Arg,P38398,1844,L,R,L1844R,0,3,80357323,le_2025_06,0,0.2129,1863,33,PDAWTEDNGFHAIGQMCEAPVVTREWVLDSVALYQCQELDTYLIPQIPHSHY
37625,BRCA1,p.Met1689Arg,P38398,1689,M,R,M1689R,1,2,80357061,le_2025_06,0,0.9347,1863,33,LTPEEFMLVYKFARKHHITLTNLITEETTHVVMKTDAEFVCERTLKYFLGIAGGKWVVSYFWVTQ
1770951,MSH2,p.Thr456Arg,P43246,456,T,R,T456R,0,1,777963115,le_2025_06,0,0.787,934,33,HEGKHQKLLLAVFVTPLTDLRSDFSKFQEMIETTLDMDQVENHEFLVKPSFDPNLSELREIMNDL
2453459,MSH2,p.Val437Glu,P43246,437,V,E,V437E,0,1,2103754198,le_2025_06,0,0.3665,934,33,YRLYQGINQLPNVIQALEKHEGKHQKLLLAVFVTPLTDLRSDFSKFQEMIETTLDMDQVENHEFL
2498032,PTEN,p.Asp326Asn,P60484,326,D,N,D326N,1,2,2132283300,le_2025_06,0,0.9995,403,33,SLCDQEIDSICSIERADNDKEYLVLTLTKNDLDKANKDKANRYFSPNFKVKLYFTKTVEEPSNPE
216422,PTEN,p.His141Pro,P60484,141,H,P,H141P,1,3,863224666,le_2025_06,0,0.9995,403,33,DQWLSEDDNHVAAIHCKAGKGRTGVMICAYLLHRGKFLKAQEALDFYGEVRTRDKKGVTIPSQRR
485029,TP53,p.Phe385Leu,P04637,385,F,L,F385L,0,1,1555524094,le_2025_06,0,0.2501,393,33,AQAGKEPGGSRAHSSHLKSKKGQSTSRHKKLMFKTEGPDSD
141425,TP53,p.Glu388Ala,P04637,388,E,A,E388A,0,3,587781736,le_2025_06,0,0.101,393,33,GKEPGGSRAHSSHLKSKKGQSTSRHKKLMFKTEGPDSD
37681,BRCA1,p.Ser1841Arg,P38398,1841,S,R,S1841R,1,2,80357299,le_2025_06,0,0.9963,1863,33,VVQPDAWTEDNGFHAIGQMCEAPVVTREWVLDSVALYQCQELDTYLIPQIPHSHY
12370,TP53,p.Pro151Ser,P04637,151,P,S,P151S,1,2,28934874,le_2025_06,0,0.961,393,33,AKSVTCTYSPALNKMFCQLAKTCPVQLWVDSTPPPGTRVRAMAIYKQSQHMTEVVRRCPHHERCS
37605,BRCA1,p.Glu1559Gln,P38398,1559,E,Q,E1559Q,1,2,80356988,le_2025_06,0,0.1408,1863,33,ELIKVVDVEEQQLEESGPHDLTETSYLPRQDLEGTPYLESGISLFSDDPESDPSEDRAPESARVG
55362,BRCA1,p.Glu1682Val,P38398,1682,E,V,E1682V,1,1,80357265,le_2025_06,0,0.2515,1863,33,MSMVVSGLTPEEFMLVYKFARKHHITLTNLITEETTHVVMKTDAEFVCERTLKYFLGIAGGKWVV
1757269,TP53,p.Met237Ile,P04637,237,M,I,M237I,1,2,587782664,le_2025_06,0,0.9957,393,33,YLDDRNTFRHSVVVPYEPPEVGSDCTTIHYNYMCNSSCMGGMNRRPILTIITLEDSSGNLLGRNS
376564,TP53,p.Cys141Trp,P04637,141,C,W,C141W,1,2,1057519977,le_2025_06,0,0.9877,393,33,FRLGFLHSGTAKSVTCTYSPALNKMFCQLAKTCPVQLWVDSTPPPGTRVRAMAIYKQSQHMTEVV
232915,BRCA1,p.Tyr1703Cys,P38398,1703,Y,C,Y1703C,1,3,876660071,le_2025_06,0,0.9672,1863,33,KHHITLTNLITEETTHVVMKTDAEFVCERTLKYFLGIAGGKWVVSYFWVTQSIKERKMLNEHDFE
2802720,MSH2,p.Arg396Thr,P43246,396,R,T,R396T,0,1,1447862897,le_2025_06,0,0.8517,934,33,EAFVEDAELRQTLQEDLLRRFPDLNRLAKKFQRQAANLQDCYRLYQGINQLPNVIQALEKHEGKH
37706,BRCA1,p.Thr276Arg,P38398,276,T,R,T276R,0,3,80357436,le_2025_06,0,0.1542,1863,33,NDLNTTEKRAAERHPEKYQGSSVSNLHVEPCGTNTHASSLQHENSSLLLTKDRMNVEKAEFCNKS
3667044,PTEN,p.Arg159Trp,P60484,159,R,W,R159W,1,1,-1,le_2025_06,0,0.9991,403,33,GKGRTGVMICAYLLHRGKFLKAQEALDFYGEVRTRDKKGVTIPSQRRYVYYYSYLLKNHLDYRPV
91273,MSH2,p.Cys333Tyr,P43246,333,C,Y,C333Y,1,3,63750828,le_2025_06,0,0.9947,934,33,KLDIAAVRALNLFQGSVEDTTGSQSLAALLNKCKTPQGQRLVNQWIKQPLMDKNRIEERLNLVEA
376598,TP53,p.Phe270Val,P04637,270,F,V,F270V,1,1,1057519988,le_2025_06,0,0.882,393,33,CNSSCMGGMNRRPILTIITLEDSSGNLLGRNSFEVRVCACPGRDRRTEEENLRKKGEPHHELPPG
41651,MSH2,p.Ala272Val,P43246,272,A,V,A272V,0,3,34136999,le_2025_06,0,0.5514,934,33,DLNRLLKGKKGEQMNSAVLPEMENQVAVSSLSAVIKFLELLSDDSNFGQFELTTFDFSQYMKLDI
1737618,PTEN,p.Cys136Phe,P60484,136,C,F,C136F,1,2,786204859,le_2025_06,0,0.9996,403,33,FCEDLDQWLSEDDNHVAAIHCKAGKGRTGVMICAYLLHRGKFLKAQEALDFYGEVRTRDKKGVTI
224544,PTEN,p.Asp162Glu,P60484,162,D,E,D162E,1,2,869312777,le_2025_06,0,0.998,403,33,RTGVMICAYLLHRGKFLKAQEALDFYGEVRTRDKKGVTIPSQRRYVYYYSYLLKNHLDYRPVALL
868700,BRCA1,p.Val1713Leu,P38398,1713,V,L,V1713L,1,1,1064793309,le_2025_06,0,0.6085,1863,33,TEETTHVVMKTDAEFVCERTLKYFLGIAGGKWVVSYFWVTQSIKERKMLNEHDFEVRGDVVNGRN
485376,BRCA1,p.Thr1684Ala,P38398,1684,T,A,T1684A,0,1,879255491,le_2025_06,0,0.4919,1863,33,MVVSGLTPEEFMLVYKFARKHHITLTNLITEETTHVVMKTDAEFVCERTLKYFLGIAGGKWVVSY
823501,MSH2,p.Ala328Val,P43246,328,A,V,A328V,0,2,780602406,le_2025_06,0,0.1176,934,33,FSQYMKLDIAAVRALNLFQGSVEDTTGSQSLAALLNKCKTPQGQRLVNQWIKQPLMDKNRIEERL
1417674,MSH2,p.Ala207Val,P43246,207,A,V,A207V,0,2,781178004,le_2025_06,0,0.0769,934,33,LCEFPDNDQFSNLEALLIQIGPKECVLPGGETAGDMGKLRQIIQRGGILITERKKADFSTKDIYQ
936706,MSH2,p.Asn798Lys,P43246,798,N,K,N798K,0,2,750498919,le_2025_06,0,0.202,934,33,ISEYIATKIGAFCMFATHFHELTALANQIPTVNNLHVTALTTEETLTMLYQVKKGVCDQSFGIHV
1795753,MSH2,p.Val923Leu,P43246,923,V,L,V923L,0,1,561565629,le_2025_06,0,0.4746,934,33,VKQMPFTEMSEENITIKLKQLKAEVIAKNNSFVNEIISRIKVTT
55505,BRCA1,p.Phe1761Ser,P38398,1761,F,S,F1761S,1,3,80356905,le_2025_06,0,0.9848,1863,33,LNEHDFEVRGDVVNGRNHQGPKRARESQDRKIFRGLEICCYGPFTNMPTDQLEWMVQLCGASVVK
231214,TP53,p.Arg213Pro,P04637,213,R,P,R213P,1,2,587778720,le_2025_06,0,0.9986,393,33,RCSDSDGLAPPQHLIRVEGNLRVEYLDDRNTFRHSVVVPYEPPEVGSDCTTIHYNYMCNSSCMGG
55541,BRCA1,p.Leu1780Pro,P38398,1780,L,P,L1780P,1,2,80357474,le_2025_06,0,0.9858,1863,33,GPKRARESQDRKIFRGLEICCYGPFTNMPTDQLEWMVQLCGASVVKELSSFTLGTGVHPIVVVQP
1776389,MSH2,p.Lys537Asn,P43246,537,K,N,K537N,0,1,2104180919,le_2025_06,0,0.7681,934,33,LDPGKQIKLDSSAQFGYYFRVTCKEEKVLRNNKNFSTVDIQKNGVKFTNSKLTSLNEEYTKNKTE
376665,TP53,p.Ser241Ala,P04637,241,S,A,S241A,1,2,1057520002,le_2025_06,0,0.9765,393,33,RNTFRHSVVVPYEPPEVGSDCTTIHYNYMCNSSCMGGMNRRPILTIITLEDSSGNLLGRNSFEVR
481433,BRCA1,p.Glu736Gly,P38398,736,E,G,E736G,0,2,397507196,le_2025_06,0,0.0811,1863,33,NAPGSFTKCSNTSELKEFVNPSLPREEKEEKLETVKVSNNAEDPKDLMLSGERVLQTERSVESSS
7815,PTEN,p.Ser170Arg,P60484,170,S,R,S170R,1,3,121909221,le_2025_06,0,0.9999,403,33,YLLHRGKFLKAQEALDFYGEVRTRDKKGVTIPSQRRYVYYYSYLLKNHLDYRPVALLFHKMMFET
142714,TP53,p.Met237Ile,P04637,237,M,I,M237I,1,3,587782664,le_2025_06,0,0.9957,393,33,YLDDRNTFRHSVVVPYEPPEVGSDCTTIHYNYMCNSSCMGGMNRRPILTIITLEDSSGNLLGRNS
55019,BRCA1,p.Ala1277Pro,P38398,1277,A,P,A1277P,0,1,397509112,le_2025_06,0,0.1341,1863,33,STVATECLSKNTEENLLSLKNSLNDCSNQVILAKASQEHHLSEETKCSASLFSSQCSELEDLTAN
182925,TP53,p.His115Arg,P04637,115,H,R,H115R,0,3,730881996,le_2025_06,0,0.0837,393,33,AAPAPAPSWPLSSSVPSQKTYQGSYGFRLGFLHSGTAKSVTCTYSPALNKMFCQLAKTCPVQLWV
37543,BRCA1,p.Pro1238Leu,P38398,1238,P,L,P1238L,0,3,28897688,le_2025_06,0,0.1069,1863,33,AKKLESSEENLSSEDEELPCFQHLLFGKVNNIPSQSTRHSTVATECLSKNTEENLLSLKNSLNDC
868026,BRCA1,p.Val1784Glu,P38398,1784,V,E,V1784E,1,1,1367077331,le_2025_06,0,0.9183,1863,33,ARESQDRKIFRGLEICCYGPFTNMPTDQLEWMVQLCGASVVKELSSFTLGTGVHPIVVVQPDAWT
12365,TP53,p.Gly245Ser,P04637,245,G,S,G245S,1,3,28934575,le_2025_06,0,0.9732,393,33,RHSVVVPYEPPEVGSDCTTIHYNYMCNSSCMGGMNRRPILTIITLEDSSGNLLGRNSFEVRVCAC
37633,BRCA1,p.Asp1692His,P38398,1692,D,H,D1692H,1,3,80187739,le_2025_06,0,0.8871,1863,33,EEFMLVYKFARKHHITLTNLITEETTHVVMKTDAEFVCERTLKYFLGIAGGKWVVSYFWVTQSIK
4826639,TP53,p.Leu369Met,P04637,369,L,M,L369M,0,1,-1,post_2026_01,1,0.1013,393,33,RFEMFRELNEALELKDAQAGKEPGGSRAHSSHLKSKKGQSTSRHKKLMFKTEGPDSD
92820,PTEN,p.Trp111Arg,P60484,111,W,R,W111R,1,3,398123321,le_2025_06,0,0.9997,403,33,AKFNCRVAQYPFEDHNPPQLELIKPFCEDLDQWLSEDDNHVAAIHCKAGKGRTGVMICAYLLHRG
634770,TP53,p.Met237Ile,P04637,237,M,I,M237I,1,2,587782664,le_2025_06,0,0.9957,393,33,YLDDRNTFRHSVVVPYEPPEVGSDCTTIHYNYMCNSSCMGGMNRRPILTIITLEDSSGNLLGRNS
3913542,MSH2,p.Asp597Glu,P43246,597,D,E,D597E,0,1,-1,2025H2,0,0.1305,934,33,KNKTEYEEAQDAIVKEIVNISSGYVEPMQTLNDVLAQLDAVVSFAHVSNGAPVPYVRPAILEKGQ
824960,TP53,p.Pro151Phe,P04637,151,P,F,P151F,1,1,1597370899,le_2025_06,0,0.9875,393,33,AKSVTCTYSPALNKMFCQLAKTCPVQLWVDSTPPPGTRVRAMAIYKQSQHMTEVVRRCPHHERCS
91121,MSH2,p.Leu173Pro,P43246,173,L,P,L173P,1,2,63750070,le_2025_06,0,0.9891,934,33,MSASIGVVGVKMSAVDGQRQVGVGYVDSIQRKLGLCEFPDNDQFSNLEALLIQIGPKECVLPGGE
812551,BRCA1,p.Met1361Leu,P38398,1361,M,L,M1361L,0,3,80357218,le_2025_06,0,0.131,1863,33,ESQGVGLSDKELVSDDEERGTGLEENNQEEQSMDSNLGEAASGCESETSVSEDCSGLSSQSDILT
481487,BRCA1,p.Asp1739His,P38398,1739,D,H,D1739H,1,1,80357283,le_2025_06,0,0.9857,1863,33,IAGGKWVVSYFWVTQSIKERKMLNEHDFEVRGDVVNGRNHQGPKRARESQDRKIFRGLEICCYGP
232955,BRCA1,p.Pro25Leu,P38398,25,P,L,P25L,1,3,876660096,le_2025_06,0,0.9779,1863,25,MDLSALRVEEVQNVINAMQKILECPICLELIKEPVSTKCDHIFCKFCMLKLLNQKKG
868376,BRCA1,p.Ser1631Arg,P38398,1631,S,R,S1631R,0,1,786202734,le_2025_06,0,0.1745,1863,33,ALKVPQLKVAESAQSPAAAHTTDTAGYNAMEESVSREKPELTASTERVNKRMSMVVSGLTPEEFM
7817,PTEN,p.Cys124Arg,P60484,124,C,R,C124R,1,3,121909223,le_2025_06,0,0.9999,403,33,DHNPPQLELIKPFCEDLDQWLSEDDNHVAAIHCKAGKGRTGVMICAYLLHRGKFLKAQEALDFYG
90583,MSH2,p.Gln419Lys,P43246,419,Q,K,Q419K,0,3,63750006,le_2025_06,0,0.0811,934,33,LNRLAKKFQRQAANLQDCYRLYQGINQLPNVIQALEKHEGKHQKLLLAVFVTPLTDLRSDFSKFQ
54364,BRCA1,p.Cys61Tyr,P38398,61,C,Y,C61Y,1,2,80357093,le_2025_06,0,0.9922,1863,33,ELIKEPVSTKCDHIFCKFCMLKLLNQKKGPSQCPLCKNDITKRSLQESTRFSQLVEELLKIICAF
662455,BRCA1,p.Cys1787Tyr,P38398,1787,C,Y,C1787Y,1,2,1597801649,le_2025_06,0,0.9447,1863,33,SQDRKIFRGLEICCYGPFTNMPTDQLEWMVQLCGASVVKELSSFTLGTGVHPIVVVQPDAWTEDN
55417,BRCA1,p.Ser1715Arg,P38398,1715,S,R,S1715R,1,1,80357094,le_2025_06,0,0.9947,1863,33,ETTHVVMKTDAEFVCERTLKYFLGIAGGKWVVSYFWVTQSIKERKMLNEHDFEVRGDVVNGRNHQ
4684220,BRCA1,p.Pro529Ala,P38398,529,P,A,P529A,0,1,-1,post_2026_01,1,0.0917,1863,33,PLTNKLKRKRRPTSGLHPEDFIKKADLAVQKTPEMINQGTNQTEQNGQVMNITNSGHENKTKGDS
2674303,PTEN,p.Leu112Arg,P60484,112,L,R,L112R,1,2,121909230,le_2025_06,0,0.9951,403,33,KFNCRVAQYPFEDHNPPQLELIKPFCEDLDQWLSEDDNHVAAIHCKAGKGRTGVMICAYLLHRGK
1797469,BRCA1,p.Pro968Ala,P38398,968,P,A,P968A,0,2,1182090591,le_2025_06,0,0.0584,1863,33,DKPVDNAKCSIKGGSRFCLSSQFRGNETGLITPNKHGLLQNPYRIPPLFPIKSFVKTKCKKNLLE
4279056,TP53,p.Asn131His,P04637,131,N,H,N131H,1,1,-1,2025H2,0,0.1721,393,33,SQKTYQGSYGFRLGFLHSGTAKSVTCTYSPALNKMFCQLAKTCPVQLWVDSTPPPGTRVRAMAIY
41810,BRCA1,p.Lys820Glu,P38398,820,K,E,K820E,0,3,56082113,le_2025_06,0,0.0703,1863,33,VSTLGKAKTEPNKCVSQCAAFENPKGLIHGCSKDNRNDTEGFKYPLGHEVNHSRETSIEMEESEL
1753036,MSH2,p.Lys212Arg,P43246,212,K,R,K212R,0,1,2465716193,le_2025_06,0,0.0809,934,33,DNDQFSNLEALLIQIGPKECVLPGGETAGDMGKLRQIIQRGGILITERKKADFSTKDIYQDLNRL
54152,BRCA1,p.Cys39Arg,P38398,39,C,R,C39R,1,3,80357164,le_2025_06,0,0.9978,1863,33,RVEEVQNVINAMQKILECPICLELIKEPVSTKCDHIFCKFCMLKLLNQKKGPSQCPLCKNDITKR
233777,PTEN,p.Tyr68Cys,P60484,68,Y,C,Y68C,1,2,876660634,le_2025_06,0,0.9913,403,33,GFPAERLEGVYRNNIDDVVRFLDSKHKNHYKIYNLCAERHYDTAKFNCRVAQYPFEDHNPPQLEL
267523,BRCA1,p.Met1Ile,P38398,1,M,I,M1I,1,1,80357475,le_2025_06,0,0.6672,1863,1,MDLSALRVEEVQNVINAMQKILECPICLELIKE
54891,BRCA1,p.Asp1155His,P38398,1155,D,H,D1155H,0,3,80357484,le_2025_06,0,0.1524,1863,33,DFSPYLISDNLEQPMGSSHASQVCSETPDDLLDDGEIKEDTSFAENDIKESSAVFSKSVQKGELS
428234,PTEN,p.Ala126Val,P60484,126,A,V,A126V,1,2,1114167656,le_2025_06,0,0.9997,403,33,NPPQLELIKPFCEDLDQWLSEDDNHVAAIHCKAGKGRTGVMICAYLLHRGKFLKAQEALDFYGEV
2502558,PTEN,p.Ala121Thr,P60484,121,A,T,A121T,1,1,2132242979,le_2025_06,0,0.951,403,33,PFEDHNPPQLELIKPFCEDLDQWLSEDDNHVAAIHCKAGKGRTGVMICAYLLHRGKFLKAQEALD
376509,PTEN,p.Arg130Leu,P60484,130,R,L,R130L,1,2,121909229,le_2025_06,0,0.9997,403,33,LELIKPFCEDLDQWLSEDDNHVAAIHCKAGKGRTGVMICAYLLHRGKFLKAQEALDFYGEVRTRD
55435,BRCA1,p.Trp1718Cys,P38398,1718,W,C,W1718C,1,2,80357239,le_2025_06,0,0.9803,1863,33,HVVMKTDAEFVCERTLKYFLGIAGGKWVVSYFWVTQSIKERKMLNEHDFEVRGDVVNGRNHQGPK
3226132,BRCA1,p.Asn1043Ser,P38398,1043,N,S,N1043S,0,1,1228972723,le_2025_06,0,0.0588,1863,33,EREMGNENIPSTVSTISRNNIRENVFKEASSSNINEVGSSTNEVGSSINEIGSSDENIQAELGRN
142431,TP53,p.Gly108Ser,P04637,108,G,S,G108S,0,3,587782461,le_2025_06,0,0.1259,393,33,APAAPTPAAPAPAPSWPLSSSVPSQKTYQGSYGFRLGFLHSGTAKSVTCTYSPALNKMFCQLAKT
2587515,MSH2,p.Thr292Ile,P43246,292,T,I,T292I,0,1,2104174137,le_2025_06,0,0.1136,934,33,EMENQVAVSSLSAVIKFLELLSDDSNFGQFELTTFDFSQYMKLDIAAVRALNLFQGSVEDTTGSQ
865114,BRCA1,p.Glu33Asp,P38398,33,E,D,E33D,0,1,2055257088,le_2025_06,0,0.6552,1863,33,MDLSALRVEEVQNVINAMQKILECPICLELIKEPVSTKCDHIFCKFCMLKLLNQKKGPSQCPLCK
231015,TP53,p.Ala63Thr,P04637,63,A,T,A63T,0,1,876658902,le_2025_06,0,0.0671,393,33,VLSPLPSQAMDDLMLSPDDIEQWFTEDPGPDEAPRMPEAAPPVAPAPAAPTPAAPAPAPSWPLSS
1756350,MSH2,p.Asn412His,P43246,412,N,H,N412H,0,1,2104442450,le_2025_06,0,0.0644,934,33,LLRRFPDLNRLAKKFQRQAANLQDCYRLYQGINQLPNVIQALEKHEGKHQKLLLAVFVTPLTDLR
184745,TP53,p.Arg333Cys,P04637,333,R,C,R333C,0,3,769934890,le_2025_06,0,0.2336,393,33,PGSTKRALPNNTSSSPQPKKKPLDGEYFTLQIRGRERFEMFRELNEALELKDAQAGKEPGGSRAH
2587528,MSH2,p.Asp543Ala,P43246,543,D,A,D543A,0,1,2104182818,le_2025_06,0,0.8705,934,33,IKLDSSAQFGYYFRVTCKEEKVLRNNKNFSTVDIQKNGVKFTNSKLTSLNEEYTKNKTEYEEAQD
1794958,BRCA1,p.Phe901Leu,P38398,901,F,L,F901L,0,2,2154363694,le_2025_06,0,0.1843,1863,33,FAPFSNPGNAEEECATFSAHSGSLKKQSPKVTFECEQKEENQGKNESNIKPVQTVNITAGFPVVG
2587518,MSH2,p.Ser153Ala,P43246,153,S,A,S153A,0,1,2465704803,le_2025_06,0,0.057,934,33,YKASPGNLSQFEDILFGNNDMSASIGVVGVKMSAVDGQRQVGVGYVDSIQRKLGLCEFPDNDQFS
37575,BRCA1,p.Ile1405Val,P38398,1405,I,V,I1405V,0,2,80357353,le_2025_06,0,0.0911,1863,33,ESETSVSEDCSGLSSQSDILTTQQRDTMQHNLIKLQQEMAELEAVLEQHGSQPSNSYPSIISDSS
846550,PTEN,p.Lys13Gln,P60484,13,K,Q,K13Q,1,1,1554890348,le_2025_06,0,0.9992,403,13,MTAIIKEIVSRNKRRYQEDGFDLDLTYIYPNIIAMGFPAERLEGV
54132,BRCA1,p.Thr37Arg,P38398,37,T,R,T37R,1,2,80356880,le_2025_06,0,0.9643,1863,33,ALRVEEVQNVINAMQKILECPICLELIKEPVSTKCDHIFCKFCMLKLLNQKKGPSQCPLCKNDIT
455620,MSH2,p.Asp283Val,P43246,283,D,V,D283V,0,2,770643326,le_2025_06,0,0.2396,934,33,EQMNSAVLPEMENQVAVSSLSAVIKFLELLSDDSNFGQFELTTFDFSQYMKLDIAAVRALNLFQG
3460325,TP53,p.Val274Ile,P04637,274,V,I,V274I,0,1,-1,le_2025_06,0,0.0913,393,33,CMGGMNRRPILTIITLEDSSGNLLGRNSFEVRVCACPGRDRRTEEENLRKKGEPHHELPPGSTKR
54392,BRCA1,p.Pro634Arg,P38398,634,P,R,P634R,0,1,80357121,le_2025_06,0,0.118,1863,33,NSKAPKKNRLRRKSSTRHIHALELVVSRNLSPPNCTELQIDSCSSSEEIKKKKYNQMPVRHSRNL
3904754,BRCA1,p.Ser694Arg,P38398,694,S,R,S694R,0,1,-1,2025H2,0,0.2131,1863,33,HSRNLQLMEGKEPATGAKKSNKPNEQTSKRHDSDTFPELKLTNAPGSFTKCSNTSELKEFVNPSL
373446,PTEN,p.Arg47Lys,P60484,47,R,K,R47K,1,3,1057518425,le_2025_06,0,0.998,403,33,RYQEDGFDLDLTYIYPNIIAMGFPAERLEGVYRNNIDDVVRFLDSKHKNHYKIYNLCAERHYDTA
2450740,TP53,p.Pro4Gln,P04637,4,P,Q,P4Q,0,1,878854064,le_2025_06,0,0.0795,393,4,MEEPQSDPSVEPPLSQETFSDLWKLLPENNVLSPLP
246416,TP53,p.Lys164Glu,P04637,164,K,E,K164E,1,3,879254249,le_2025_06,0,0.9696,393,33,KMFCQLAKTCPVQLWVDSTPPPGTRVRAMAIYKQSQHMTEVVRRCPHHERCSDSDGLAPPQHLIR
949068,PTEN,p.Thr26Asn,P60484,26,T,N,T26N,1,2,786204853,le_2025_06,0,0.9861,403,26,MTAIIKEIVSRNKRRYQEDGFDLDLTYIYPNIIAMGFPAERLEGVYRNNIDDVVRFLD
127695,PTEN,p.Gln298Glu,P60484,298,Q,E,Q298E,0,3,371387815,le_2025_06,0,0.0664,403,33,KKDKMFHFWVNTFFIPGPEETSEKVENGSLCDQEIDSICSIERADNDKEYLVLTLTKNDLDKANK
17660,BRCA1,p.Cys64Gly,P38398,64,C,G,C64G,1,2,80357064,le_2025_06,0,0.9729,1863,33,KEPVSTKCDHIFCKFCMLKLLNQKKGPSQCPLCKNDITKRSLQESTRFSQLVEELLKIICAFQLD
54143,BRCA1,p.Ile379Met,P38398,379,I,M,I379M,0,2,56128296,le_2025_06,0,0.3469,1863,33,LCERKEWNKQKLPCSENPRDTEDVPWITLNSSIQKVNEWFSRSDELLGSDDSHDGESESNAKVAD
37648,BRCA1,p.Val1736Ala,P38398,1736,V,A,V1736A,1,3,45553935,le_2025_06,0,0.8955,1863,33,FLGIAGGKWVVSYFWVTQSIKERKMLNEHDFEVRGDVVNGRNHQGPKRARESQDRKIFRGLEICC
3230841,MSH2,p.Met899Leu,P43246,899,M,L,M899L,0,1,2529072633,le_2025_06,0,0.122,934,33,EPAAKKCYLEREQGEKIIQEFLSKVKQMPFTEMSEENITIKLKQLKAEVIAKNNSFVNEIISRIK
54246,BRCA1,p.Cys47Tyr,P38398,47,C,Y,C47Y,1,3,80357150,le_2025_06,0,0.9974,1863,33,INAMQKILECPICLELIKEPVSTKCDHIFCKFCMLKLLNQKKGPSQCPLCKNDITKRSLQESTRF
280724,PTEN,p.Tyr27Ser,P60484,27,Y,S,Y27S,1,3,886041877,le_2025_06,0,0.9872,403,27,MTAIIKEIVSRNKRRYQEDGFDLDLTYIYPNIIAMGFPAERLEGVYRNNIDDVVRFLDS
536549,PTEN,p.Lys267Asn,P60484,267,K,N,K267N,1,3,1554825266,le_2025_06,0,0.968,403,33,EDKFMYFEFPQPLPVCGDIKVEFFHKQNKMLKKDKMFHFWVNTFFIPGPEETSEKVENGSLCDQE
3765081,BRCA1,p.Phe1124Leu,P38398,1124,F,L,F1124L,0,1,-1,le_2025_06,0,0.4499,1863,33,EVYKQSLPGSNCKHPEIKKQEYEEVVQTVNTDFSPYLISDNLEQPMGSSHASQVCSETPDDLLDD
428873,TP53,p.Leu130Pro,P04637,130,L,P,L130P,1,2,1131691013,le_2025_06,0,0.9844,393,33,PSQKTYQGSYGFRLGFLHSGTAKSVTCTYSPALNKMFCQLAKTCPVQLWVDSTPPPGTRVRAMAI
3230823,MSH2,p.Tyr656Asn,P43246,656,Y,N,Y656N,0,1,1573567393,le_2025_06,0,0.0647,934,33,ILEKGQGRIILKASRHACVEVQDEIAFIPNDVYFEKDKQMFHIITGPNMGGKSTYIRQTGVIVLM
848126,MSH2,p.Ser717Gly,P43246,717,S,G,S717G,0,1,778712654,le_2025_06,0,0.3696,934,33,IVLMAQIGCFVPCESAEVSIVDCILARVGAGDSQLKGVSTFMAEMLETASILRSATKDSLIIIDE
55725,BRCA1,p.Gly275Ser,P38398,275,G,S,G275S,0,3,8176153,le_2025_06,0,0.1854,1863,33,NNDLNTTEKRAAERHPEKYQGSSVSNLHVEPCGTNTHASSLQHENSSLLLTKDRMNVEKAEFCNK
3809673,TP53,p.Ser166Thr,P04637,166,S,T,S166T,0,1,-1,le_2025_06,0,0.157,393,33,FCQLAKTCPVQLWVDSTPPPGTRVRAMAIYKQSQHMTEVVRRCPHHERCSDSDGLAPPQHLIRVE
1738154,BRCA1,p.Leu138Arg,P38398,138,L,R,L138R,0,2,200449040,le_2025_06,0,0.0458,1863,33,NFAKKENNSPEHLKDEVSIIQSMGYRNRAKRLLQSEPENPSLQETSLSVQLSNLGTVRTLRTKQR
4828470,TP53,p.Pro92Ser,P04637,92,P,S,P92S,0,1,-1,post_2026_01,1,0.2002,393,33,PDEAPRMPEAAPPVAPAPAAPTPAAPAPAPSWPLSSSVPSQKTYQGSYGFRLGFLHSGTAKSVTC
1741885,MSH2,p.Ala154Pro,P43246,154,A,P,A154P,0,1,759712763,le_2025_06,0,0.119,934,33,KASPGNLSQFEDILFGNNDMSASIGVVGVKMSAVDGQRQVGVGYVDSIQRKLGLCEFPDNDQFSN
12368,TP53,p.Arg280Thr,P04637,280,R,T,R280T,1,2,121912660,le_2025_06,0,0.9997,393,33,RRPILTIITLEDSSGNLLGRNSFEVRVCACPGRDRRTEEENLRKKGEPHHELPPGSTKRALPNNT
37423,BRCA1,p.Asn550His,P38398,550,N,H,N550H,0,3,56012641,le_2025_06,0,0.0967,1863,33,IKKADLAVQKTPEMINQGTNQTEQNGQVMNITNSGHENKTKGDSIQNEKNPNPIESLEKESAFKT
7829,PTEN,p.Arg130Gln,P60484,130,R,Q,R130Q,1,3,121909229,le_2025_06,0,0.9996,403,33,LELIKPFCEDLDQWLSEDDNHVAAIHCKAGKGRTGVMICAYLLHRGKFLKAQEALDFYGEVRTRD
265333,TP53,p.Tyr126Asp,P04637,126,Y,D,Y126D,1,2,886039483,le_2025_06,0,0.995,393,33,SSSVPSQKTYQGSYGFRLGFLHSGTAKSVTCTYSPALNKMFCQLAKTCPVQLWVDSTPPPGTRVR
91108,MSH2,p.Val163Gly,P43246,163,V,G,V163G,1,3,63750214,le_2025_06,0,0.6786,934,33,FEDILFGNNDMSASIGVVGVKMSAVDGQRQVGVGYVDSIQRKLGLCEFPDNDQFSNLEALLIQIG
141963,TP53,p.Arg158His,P04637,158,R,H,R158H,1,2,587782144,le_2025_06,0,0.9236,393,33,YSPALNKMFCQLAKTCPVQLWVDSTPPPGTRVRAMAIYKQSQHMTEVVRRCPHHERCSDSDGLAP
37549,BRCA1,p.Ile1275Val,P38398,1275,I,V,I1275V,0,3,80357280,le_2025_06,0,0.0883,1863,33,RHSTVATECLSKNTEENLLSLKNSLNDCSNQVILAKASQEHHLSEETKCSASLFSSQCSELEDLT
4652383,MSH2,p.Phe131Tyr,P43246,131,F,Y,F131Y,0,1,-1,post_2026_01,1,0.8391,934,33,RVEVYKNRAGNKASKENDWYLAYKASPGNLSQFEDILFGNNDMSASIGVVGVKMSAVDGQRQVGV
483693,MSH2,p.Gln314His,P43246,314,Q,H,Q314H,1,1,587779197,le_2025_06,0,0.1417,934,33,DDSNFGQFELTTFDFSQYMKLDIAAVRALNLFQGSVEDTTGSQSLAALLNKCKTPQGQRLVNQWI
868161,BRCA1,p.His41Asp,P38398,41,H,D,H41D,1,1,1060502353,le_2025_06,0,0.9926,1863,33,EEVQNVINAMQKILECPICLELIKEPVSTKCDHIFCKFCMLKLLNQKKGPSQCPLCKNDITKRSL
455571,MSH2,p.Gln855His,P43246,855,Q,H,Q855H,0,2,1553370408,le_2025_06,0,0.3796,934,33,DQSFGIHVAELANFPKHVIECAKQKALELEEFQYIGESQGYDIMEPAAKKCYLEREQGEKIIQEF
2624869,PTEN,p.His118Pro,P60484,118,H,P,H118P,1,1,1554898107,le_2025_06,0,0.9765,403,33,AQYPFEDHNPPQLELIKPFCEDLDQWLSEDDNHVAAIHCKAGKGRTGVMICAYLLHRGKFLKAQE
39669,PTEN,p.Thr131Ile,P60484,131,T,I,T131I,1,3,397514560,le_2025_06,0,0.9999,403,33,ELIKPFCEDLDQWLSEDDNHVAAIHCKAGKGRTGVMICAYLLHRGKFLKAQEALDFYGEVRTRDK
428463,MSH2,p.Gly587Cys,P43246,587,G,C,G587C,1,1,63751140,le_2025_06,0,0.961,934,33,KLTSLNEEYTKNKTEYEEAQDAIVKEIVNISSGYVEPMQTLNDVLAQLDAVVSFAHVSNGAPVPY
865637,BRCA1,p.Gln1779His,P38398,1779,Q,H,Q1779H,0,1,876659718,le_2025_06,0,0.2773,1863,33,QGPKRARESQDRKIFRGLEICCYGPFTNMPTDQLEWMVQLCGASVVKELSSFTLGTGVHPIVVVQ
865249,BRCA1,p.Asn66Ser,P38398,66,N,S,N66S,0,1,2054774560,le_2025_06,0,0.1452,1863,33,PVSTKCDHIFCKFCMLKLLNQKKGPSQCPLCKNDITKRSLQESTRFSQLVEELLKIICAFQLDTG
55272,BRCA1,p.Ser1577Pro,P38398,1577,S,P,S1577P,0,2,80356909,le_2025_06,0,0.1243,1863,33,HDLTETSYLPRQDLEGTPYLESGISLFSDDPESDPSEDRAPESARVGNIPSSTSALKVPQLKVAE
376641,TP53,p.Pro151Ala,P04637,151,P,A,P151A,1,2,28934874,le_2025_06,0,0.6047,393,33,AKSVTCTYSPALNKMFCQLAKTCPVQLWVDSTPPPGTRVRAMAIYKQSQHMTEVVRRCPHHERCS
376693,TP53,p.Tyr236Cys,P04637,236,Y,C,Y236C,1,2,730882026,le_2025_06,0,0.9599,393,33,EYLDDRNTFRHSVVVPYEPPEVGSDCTTIHYNYMCNSSCMGGMNRRPILTIITLEDSSGNLLGRN
376685,TP53,p.Tyr205His,P04637,205,Y,H,Y205H,1,2,1057520008,le_2025_06,0,0.9986,393,33,VRRCPHHERCSDSDGLAPPQHLIRVEGNLRVEYLDDRNTFRHSVVVPYEPPEVGSDCTTIHYNYM
649351,BRCA1,p.Cys24Gly,P38398,24,C,G,C24G,1,2,80357410,le_2025_06,0,0.9929,1863,24,MDLSALRVEEVQNVINAMQKILECPICLELIKEPVSTKCDHIFCKFCMLKLLNQKK
376625,TP53,p.Lys132Arg,P04637,132,K,R,K132R,1,2,1057519996,le_2025_06,0,0.5077,393,33,QKTYQGSYGFRLGFLHSGTAKSVTCTYSPALNKMFCQLAKTCPVQLWVDSTPPPGTRVRAMAIYK
492752,TP53,p.Ser106Arg,P04637,106,S,R,S106R,1,3,1555526581,le_2025_06,0,0.1535,393,33,APAPAAPTPAAPAPAPSWPLSSSVPSQKTYQGSYGFRLGFLHSGTAKSVTCTYSPALNKMFCQLA
1795656,PTEN,p.Asp92Val,P60484,92,D,V,D92V,1,1,1114167623,le_2025_06,0,0.9999,403,33,KHKNHYKIYNLCAERHYDTAKFNCRVAQYPFEDHNPPQLELIKPFCEDLDQWLSEDDNHVAAIHC
3809674,TP53,p.Cys124Trp,P04637,124,C,W,C124W,0,1,-1,le_2025_06,0,0.7055,393,33,PLSSSVPSQKTYQGSYGFRLGFLHSGTAKSVTCTYSPALNKMFCQLAKTCPVQLWVDSTPPPGTR
619565,MSH2,p.Val617Ala,P43246,617,V,A,V617A,0,1,1260310695,le_2025_06,0,0.1803,934,33,SSGYVEPMQTLNDVLAQLDAVVSFAHVSNGAPVPYVRPAILEKGQGRIILKASRHACVEVQDEIA
12366,TP53,p.Arg273His,P04637,273,R,H,R273H,1,3,28934576,le_2025_06,0,0.9889,393,33,SCMGGMNRRPILTIITLEDSSGNLLGRNSFEVRVCACPGRDRRTEEENLRKKGEPHHELPPGSTK
41827,BRCA1,p.Ser1613Gly,P38398,1613,S,G,S1613G,0,3,1799966,le_2025_06,0,0.084,1863,33,EDRAPESARVGNIPSSTSALKVPQLKVAESAQSPAAAHTTDTAGYNAMEESVSREKPELTASTER
140821,TP53,p.Arg282Gly,P04637,282,R,G,R282G,1,2,28934574,le_2025_06,0,0.9871,393,33,PILTIITLEDSSGNLLGRNSFEVRVCACPGRDRRTEEENLRKKGEPHHELPPGSTKRALPNNTSS
458547,TP53,p.Pro177Arg,P04637,177,P,R,P177R,1,2,751477326,le_2025_06,0,0.9661,393,33,LWVDSTPPPGTRVRAMAIYKQSQHMTEVVRRCPHHERCSDSDGLAPPQHLIRVEGNLRVEYLDDR
3230810,MSH2,p.Lys430Gln,P43246,430,K,Q,K430Q,0,1,63751646,le_2025_06,0,0.0842,934,33,AANLQDCYRLYQGINQLPNVIQALEKHEGKHQKLLLAVFVTPLTDLRSDFSKFQEMIETTLDMDQ
869089,BRCA1,p.Asn13Lys,P38398,13,N,K,N13K,0,1,2055733269,le_2025_06,0,0.3373,1863,13,MDLSALRVEEVQNVINAMQKILECPICLELIKEPVSTKCDHIFCK
4813809,PTEN,p.His61Tyr,P60484,61,H,Y,H61Y,1,1,-1,post_2026_01,1,0.9897,403,33,YPNIIAMGFPAERLEGVYRNNIDDVVRFLDSKHKNHYKIYNLCAERHYDTAKFNCRVAQYPFEDH
865426,BRCA1,p.Thr1643Ser,P38398,1643,T,S,T1643S,0,1,2052375713,le_2025_06,0,0.0972,1863,33,AQSPAAAHTTDTAGYNAMEESVSREKPELTASTERVNKRMSMVVSGLTPEEFMLVYKFARKHHIT
568285,TP53,p.Arg158Leu,P04637,158,R,L,R158L,1,2,1567553501,le_2025_06,0,0.9902,393,33,YSPALNKMFCQLAKTCPVQLWVDSTPPPGTRVRAMAIYKQSQHMTEVVRRCPHHERCSDSDGLAP
1043063,PTEN,p.Leu320Ser,P60484,320,L,S,L320S,1,3,1114167667,le_2025_06,0,0.9992,403,33,EKVENGSLCDQEIDSICSIERADNDKEYLVLTLTKNDLDKANKDKANRYFSPNFKVKLYFTKTVE
54935,BRCA1,p.Arg1203Gln,P38398,1203,R,Q,R1203Q,0,3,55930959,le_2025_06,0,0.0703,1863,33,KESSAVFSKSVQKGELSRSPSPFTHTHLAQGYRRGAKKLESSEENLSSEDEELPCFQHLLFGKVN
865673,BRCA1,p.Lys1636Asn,P38398,1636,K,N,K1636N,0,1,1567774705,le_2025_06,0,0.1596,1863,33,QLKVAESAQSPAAAHTTDTAGYNAMEESVSREKPELTASTERVNKRMSMVVSGLTPEEFMLVYKF
2453457,MSH2,p.Gln518Glu,P43246,518,Q,E,Q518E,0,1,63750780,le_2025_06,0,0.3262,934,33,NDLEKKMQSTLISAARDLGLDPGKQIKLDSSAQFGYYFRVTCKEEKVLRNNKNFSTVDIQKNGVK
140782,TP53,p.Asp7Glu,P04637,7,D,E,D7E,0,3,587781277,le_2025_06,0,0.0831,393,7,MEEPQSDPSVEPPLSQETFSDLWKLLPENNVLSPLPSQA
55611,BRCA1,p.Val1838Glu,P38398,1838,V,E,V1838E,1,3,80357107,le_2025_06,0,0.9708,1863,33,PIVVVQPDAWTEDNGFHAIGQMCEAPVVTREWVLDSVALYQCQELDTYLIPQIPHSHY
55398,BRCA1,p.Arg1699Leu,P38398,1699,R,L,R1699L,1,2,41293459,le_2025_06,0,0.9302,1863,33,KFARKHHITLTNLITEETTHVVMKTDAEFVCERTLKYFLGIAGGKWVVSYFWVTQSIKERKMLNE
37670,BRCA1,p.Pro1812Ala,P38398,1812,P,A,P1812A,1,2,1800751,le_2025_06,0,0.171,1863,33,LEWMVQLCGASVVKELSSFTLGTGVHPIVVVQPDAWTEDNGFHAIGQMCEAPVVTREWVLDSVAL
1735669,TP53,p.Ala129Asp,P04637,129,A,D,A129D,0,1,137852792,le_2025_06,0,0.0679,393,33,VPSQKTYQGSYGFRLGFLHSGTAKSVTCTYSPALNKMFCQLAKTCPVQLWVDSTPPPGTRVRAMA
3296219,MSH2,p.Thr375Ser,P43246,375,T,S,T375S,0,1,-1,le_2025_06,0,0.0799,934,33,NQWIKQPLMDKNRIEERLNLVEAFVEDAELRQTLQEDLLRRFPDLNRLAKKFQRQAANLQDCYRL
54908,BRCA1,p.Val1176Asp,P38398,1176,V,D,V1176D,0,1,80357027,le_2025_06,0,0.743,1863,33,QVCSETPDDLLDDGEIKEDTSFAENDIKESSAVFSKSVQKGELSRSPSPFTHTHLAQGYRRGAKK
54151,BRCA1,p.Cys39Ser,P38398,39,C,S,C39S,1,2,80357164,le_2025_06,0,0.9966,1863,33,RVEEVQNVINAMQKILECPICLELIKEPVSTKCDHIFCKFCMLKLLNQKKGPSQCPLCKNDITKR
1772475,MSH2,p.Glu48Gln,P43246,48,E,Q,E48Q,0,1,63750615,le_2025_06,0,0.1478,934,33,EVGFVRFFQGMPEKPTTTVRLFDRGDFYTAHGEDALLAAREVFKTQGVIKYMGPAGAKNLQSVVL
865532,BRCA1,p.Asp1818Asn,P38398,1818,D,N,D1818N,0,1,2050981068,le_2025_06,0,0.0888,1863,33,LCGASVVKELSSFTLGTGVHPIVVVQPDAWTEDNGFHAIGQMCEAPVVTREWVLDSVALYQCQEL
428902,TP53,p.Asn131Ile,P04637,131,N,I,N131I,1,2,1131691037,le_2025_06,0,0.9111,393,33,SQKTYQGSYGFRLGFLHSGTAKSVTCTYSPALNKMFCQLAKTCPVQLWVDSTPPPGTRVRAMAIY
376649,TP53,p.Arg175Gly,P04637,175,R,G,R175G,1,3,138729528,le_2025_06,0,0.9953,393,33,VQLWVDSTPPPGTRVRAMAIYKQSQHMTEVVRRCPHHERCSDSDGLAPPQHLIRVEGNLRVEYLD
3398559,MSH2,p.Lys882Glu,P43246,882,K,E,K882E,0,1,-1,le_2025_06,0,0.0819,934,33,ELEEFQYIGESQGYDIMEPAAKKCYLEREQGEKIIQEFLSKVKQMPFTEMSEENITIKLKQLKAE
486974,PTEN,p.Val166Glu,P60484,166,V,E,V166E,1,1,1554900515,le_2025_06,0,0.9998,403,33,MICAYLLHRGKFLKAQEALDFYGEVRTRDKKGVTIPSQRRYVYYYSYLLKNHLDYRPVALLFHKM
92822,PTEN,p.Gly132Asp,P60484,132,G,D,G132D,1,3,121909241,le_2025_06,0,1.0,403,33,LIKPFCEDLDQWLSEDDNHVAAIHCKAGKGRTGVMICAYLLHRGKFLKAQEALDFYGEVRTRDKK
4146996,PTEN,p.Pro354Ser,P60484,354,P,S,P354S,0,1,-1,2025H2,0,0.0711,403,33,KNDLDKANKDKANRYFSPNFKVKLYFTKTVEEPSNPEASSSTSVTPDVSDNEPDHYRYSDTTDSD
4841320,MSH2,p.Val307Ile,P43246,307,V,I,V307I,0,1,-1,post_2026_01,1,0.1005,934,33,KFLELLSDDSNFGQFELTTFDFSQYMKLDIAAVRALNLFQGSVEDTTGSQSLAALLNKCKTPQGQ
2567740,MSH2,p.Glu455Ala,P43246,455,E,A,E455A,0,1,2528403359,le_2025_06,0,0.4347,934,33,KHEGKHQKLLLAVFVTPLTDLRSDFSKFQEMIETTLDMDQVENHEFLVKPSFDPNLSELREIMND
483714,MSH2,p.Asp864Tyr,P43246,864,D,Y,D864Y,0,1,1553370439,le_2025_06,0,0.1519,934,33,ELANFPKHVIECAKQKALELEEFQYIGESQGYDIMEPAAKKCYLEREQGEKIIQEFLSKVKQMPF
4539182,BRCA1,p.Ala1611Thr,P38398,1611,A,T,A1611T,0,1,-1,post_2026_01,1,0.0813,1863,33,PSEDRAPESARVGNIPSSTSALKVPQLKVAESAQSPAAAHTTDTAGYNAMEESVSREKPELTAST
55631,BRCA1,p.Leu1854Pro,P38398,1854,L,P,L1854P,1,3,80356996,le_2025_06,0,0.8666,1863,33,HAIGQMCEAPVVTREWVLDSVALYQCQELDTYLIPQIPHSHY
2674579,MSH2,p.Glu749Gly,P43246,749,E,G,E749G,1,1,2528979410,le_2025_06,0,0.9996,934,33,SQLKGVSTFMAEMLETASILRSATKDSLIIIDELGRGTSTYDGFGLAWAISEYIATKIGAFCMFA
3296243,MSH2,p.Leu432Phe,P43246,432,L,F,L432F,0,1,-1,le_2025_06,0,0.3427,934,33,NLQDCYRLYQGINQLPNVIQALEKHEGKHQKLLLAVFVTPLTDLRSDFSKFQEMIETTLDMDQVE
1049569,BRCA1,p.Lys301Gln,P38398,301,K,Q,K301Q,0,1,756859863,le_2025_06,0,0.2665,1863,33,LHVEPCGTNTHASSLQHENSSLLLTKDRMNVEKAEFCNKSKQPGLARSQHNRWAGSKETCNDRRT
187051,BRCA1,p.Ala744Thr,P38398,744,A,T,A744T,0,2,786203435,le_2025_06,0,0.0694,1863,33,CSNTSELKEFVNPSLPREEKEEKLETVKVSNNAEDPKDLMLSGERVLQTERSVESSSISLVPGTD
12355,TP53,p.Gly245Asp,P04637,245,G,D,G245D,1,2,121912656,le_2025_06,0,0.9989,393,33,RHSVVVPYEPPEVGSDCTTIHYNYMCNSSCMGGMNRRPILTIITLEDSSGNLLGRNSFEVRVCAC
234059,TP53,p.Gly356Arg,P04637,356,G,R,G356R,0,3,766786605,le_2025_06,0,0.1159,393,33,DGEYFTLQIRGRERFEMFRELNEALELKDAQAGKEPGGSRAHSSHLKSKKGQSTSRHKKLMFKTE
376681,TP53,p.Tyr205Cys,P04637,205,Y,C,Y205C,1,2,1057520007,le_2025_06,0,0.9974,393,33,VRRCPHHERCSDSDGLAPPQHLIRVEGNLRVEYLDDRNTFRHSVVVPYEPPEVGSDCTTIHYNYM
41825,BRCA1,p.Arg1507Thr,P38398,1507,R,T,R1507T,0,3,80357470,le_2025_06,0,0.1032,1863,33,DKFEVSADSSTSKNKEPGVERSSPSKCPSLDDRWYMHSCSGSLQNRNYPSQEELIKVVDVEEQQL
2453494,MSH2,p.Arg21Gly,P43246,21,R,G,R21G,0,1,774708147,le_2025_06,0,0.3135,934,21,MAVQPKETLQLESAAEVGFVRFFQGMPEKPTTTVRLFDRGDFYTAHGEDALLA
3673966,MSH2,p.Thr31Ile,P43246,31,T,I,T31I,0,2,-1,le_2025_06,0,0.1096,934,31,MAVQPKETLQLESAAEVGFVRFFQGMPEKPTTTVRLFDRGDFYTAHGEDALLAAREVFKTQGV
451799,TP53,p.Gly199Val,P04637,199,G,V,G199V,1,1,1555525857,le_2025_06,0,0.9687,393,33,QHMTEVVRRCPHHERCSDSDGLAPPQHLIRVEGNLRVEYLDDRNTFRHSVVVPYEPPEVGSDCTT
161518,TP53,p.Ala161Thr,P04637,161,A,T,A161T,1,2,193920817,le_2025_06,0,0.9563,393,33,ALNKMFCQLAKTCPVQLWVDSTPPPGTRVRAMAIYKQSQHMTEVVRRCPHHERCSDSDGLAPPQH
135948,TP53,p.Asp49His,P04637,49,D,H,D49H,0,3,587780728,le_2025_06,0,0.1274,393,33,ETFSDLWKLLPENNVLSPLPSQAMDDLMLSPDDIEQWFTEDPGPDEAPRMPEAAPPVAPAPAAPT
55530,BRCA1,p.Asp1778Asn,P38398,1778,D,N,D1778N,1,3,80357112,le_2025_06,0,0.1166,1863,33,HQGPKRARESQDRKIFRGLEICCYGPFTNMPTDQLEWMVQLCGASVVKELSSFTLGTGVHPIVVV
55438,BRCA1,p.Thr1720Ala,P38398,1720,T,A,T1720A,0,3,56195342,le_2025_06,0,0.1171,1863,33,VMKTDAEFVCERTLKYFLGIAGGKWVVSYFWVTQSIKERKMLNEHDFEVRGDVVNGRNHQGPKRA
3481776,BRCA1,p.Gly1515Arg,P38398,1515,G,R,G1515R,0,1,-1,le_2025_06,0,0.0865,1863,33,SSTSKNKEPGVERSSPSKCPSLDDRWYMHSCSGSLQNRNYPSQEELIKVVDVEEQQLEESGPHDL
4539184,BRCA1,p.Asn1519Ser,P38398,1519,N,S,N1519S,0,1,-1,post_2026_01,1,0.0936,1863,33,KNKEPGVERSSPSKCPSLDDRWYMHSCSGSLQNRNYPSQEELIKVVDVEEQQLEESGPHDLTETS
3232047,TP53,p.Gln354Leu,P04637,354,Q,L,Q354L,0,1,752142489,le_2025_06,0,0.0731,393,33,PLDGEYFTLQIRGRERFEMFRELNEALELKDAQAGKEPGGSRAHSSHLKSKKGQSTSRHKKLMFK
2450758,TP53,p.Asp324Glu,P04637,324,D,E,D324E,0,1,2151011317,le_2025_06,0,0.1131,393,33,KGEPHHELPPGSTKRALPNNTSSSPQPKKKPLDGEYFTLQIRGRERFEMFRELNEALELKDAQAG
376589,TP53,p.Asp281Ala,P04637,281,D,A,D281A,1,2,587781525,le_2025_06,0,0.9997,393,33,RPILTIITLEDSSGNLLGRNSFEVRVCACPGRDRRTEEENLRKKGEPHHELPPGSTKRALPNNTS
142003,TP53,p.Gly360Ala,P04637,360,G,A,G360A,0,3,35993958,le_2025_06,0,0.0711,393,33,FTLQIRGRERFEMFRELNEALELKDAQAGKEPGGSRAHSSHLKSKKGQSTSRHKKLMFKTEGPDS
4841323,MSH2,p.Val166Ala,P43246,166,V,A,V166A,0,1,-1,post_2026_01,1,0.22,934,33,ILFGNNDMSASIGVVGVKMSAVDGQRQVGVGYVDSIQRKLGLCEFPDNDQFSNLEALLIQIGPKE
230269,TP53,p.Gly374Arg,P04637,374,G,R,G374R,0,3,587781858,le_2025_06,0,0.164,393,33,RELNEALELKDAQAGKEPGGSRAHSSHLKSKKGQSTSRHKKLMFKTEGPDSD
54486,BRCA1,p.Pro727Leu,P38398,727,P,L,P727L,0,3,80356912,le_2025_06,0,0.0798,1863,33,DTFPELKLTNAPGSFTKCSNTSELKEFVNPSLPREEKEEKLETVKVSNNAEDPKDLMLSGERVLQ
848798,MSH2,p.Leu595Pro,P43246,595,L,P,L595P,1,2,786201590,le_2025_06,0,0.992,934,33,YTKNKTEYEEAQDAIVKEIVNISSGYVEPMQTLNDVLAQLDAVVSFAHVSNGAPVPYVRPAILEK
37668,BRCA1,p.Gly1803Ala,P38398,1803,G,A,G1803A,1,2,80357149,le_2025_06,0,0.0886,1863,33,PFTNMPTDQLEWMVQLCGASVVKELSSFTLGTGVHPIVVVQPDAWTEDNGFHAIGQMCEAPVVTR
237954,TP53,p.Arg248Pro,P04637,248,R,P,R248P,1,2,11540652,le_2025_06,0,0.9994,393,33,VVVPYEPPEVGSDCTTIHYNYMCNSSCMGGMNRRPILTIITLEDSSGNLLGRNSFEVRVCACPGR
55559,BRCA1,p.Met18Lys,P38398,18,M,K,M18K,1,2,80356929,le_2025_06,0,0.9577,1863,18,MDLSALRVEEVQNVINAMQKILECPICLELIKEPVSTKCDHIFCKFCMLK
233627,TP53,p.Arg110Pro,P04637,110,R,P,R110P,1,3,11540654,le_2025_06,0,0.9045,393,33,AAPTPAAPAPAPSWPLSSSVPSQKTYQGSYGFRLGFLHSGTAKSVTCTYSPALNKMFCQLAKTCP
634784,TP53,p.Phe109Cys,P04637,109,F,C,F109C,1,1,1064796722,le_2025_06,0,0.9844,393,33,PAAPTPAAPAPAPSWPLSSSVPSQKTYQGSYGFRLGFLHSGTAKSVTCTYSPALNKMFCQLAKTC
1728902,PTEN,p.Asp107Gly,P60484,107,D,G,D107G,1,1,786204858,le_2025_06,0,0.9921,403,33,HYDTAKFNCRVAQYPFEDHNPPQLELIKPFCEDLDQWLSEDDNHVAAIHCKAGKGRTGVMICAYL
3230842,MSH2,p.Asn903Asp,P43246,903,N,D,N903D,0,1,748318462,le_2025_06,0,0.0531,934,33,KKCYLEREQGEKIIQEFLSKVKQMPFTEMSEENITIKLKQLKAEVIAKNNSFVNEIISRIKVTT
55245,BRCA1,p.Asp1546Asn,P38398,1546,D,N,D1546N,0,3,28897691,le_2025_06,0,0.0763,1863,33,SGSLQNRNYPSQEELIKVVDVEEQQLEESGPHDLTETSYLPRQDLEGTPYLESGISLFSDDPESD
568928,MSH2,p.Gly338Val,P43246,338,G,V,G338V,1,2,587779065,le_2025_06,0,0.995,934,33,AVRALNLFQGSVEDTTGSQSLAALLNKCKTPQGQRLVNQWIKQPLMDKNRIEERLNLVEAFVEDA
868777,BRCA1,p.Ile21Leu,P38398,21,I,L,I21L,0,1,80357406,le_2025_06,0,0.3179,1863,21,MDLSALRVEEVQNVINAMQKILECPICLELIKEPVSTKCDHIFCKFCMLKLLN
55392,BRCA1,p.Cys1697Arg,P38398,1697,C,R,C1697R,1,3,80356993,le_2025_06,0,0.9586,1863,33,VYKFARKHHITLTNLITEETTHVVMKTDAEFVCERTLKYFLGIAGGKWVVSYFWVTQSIKERKML
827313,TP53,p.Asn263Ser,P04637,263,N,S,N263S,0,1,1597362411,le_2025_06,0,0.093,393,33,TIHYNYMCNSSCMGGMNRRPILTIITLEDSSGNLLGRNSFEVRVCACPGRDRRTEEENLRKKGEP
90634,MSH2,p.Ala45Val,P43246,45,A,V,A45V,0,2,63750285,le_2025_06,0,0.0975,934,33,SAAEVGFVRFFQGMPEKPTTTVRLFDRGDFYTAHGEDALLAAREVFKTQGVIKYMGPAGAKNLQS
2453488,MSH2,p.Lys29Arg,P43246,29,K,R,K29R,0,1,2103872428,le_2025_06,0,0.3032,934,29,MAVQPKETLQLESAAEVGFVRFFQGMPEKPTTTVRLFDRGDFYTAHGEDALLAAREVFKTQ
3913572,MSH2,p.Leu401Phe,P43246,401,L,F,L401F,0,1,-1,2025H2,0,0.9559,934,33,DAELRQTLQEDLLRRFPDLNRLAKKFQRQAANLQDCYRLYQGINQLPNVIQALEKHEGKHQKLLL
486885,MSH2,p.Gly630Arg,P43246,630,G,R,G630R,0,1,1114167866,le_2025_06,0,0.453,934,33,VLAQLDAVVSFAHVSNGAPVPYVRPAILEKGQGRIILKASRHACVEVQDEIAFIPNDVYFEKDKQ
869006,BRCA1,p.Ser1841Arg,P38398,1841,S,R,S1841R,1,1,878854960,le_2025_06,0,0.9963,1863,33,VVQPDAWTEDNGFHAIGQMCEAPVVTREWVLDSVALYQCQELDTYLIPQIPHSHY
864899,BRCA1,p.Met1689Lys,P38398,1689,M,K,M1689K,1,2,80357061,le_2025_06,0,0.9317,1863,33,LTPEEFMLVYKFARKHHITLTNLITEETTHVVMKTDAEFVCERTLKYFLGIAGGKWVVSYFWVTQ
4825154,PTEN,p.Asp326His,P60484,326,D,H,D326H,1,1,-1,post_2026_01,1,0.9999,403,33,SLCDQEIDSICSIERADNDKEYLVLTLTKNDLDKANKDKANRYFSPNFKVKLYFTKTVEEPSNPE
580736,BRCA1,p.His41Tyr,P38398,41,H,Y,H41Y,1,2,1060502353,le_2025_06,0,0.9728,1863,33,EEVQNVINAMQKILECPICLELIKEPVSTKCDHIFCKFCMLKLLNQKKGPSQCPLCKNDITKRSL
960608,MSH2,p.Arg631Ile,P43246,631,R,I,R631I,0,1,1361816581,le_2025_06,0,0.2097,934,33,LAQLDAVVSFAHVSNGAPVPYVRPAILEKGQGRIILKASRHACVEVQDEIAFIPNDVYFEKDKQM
4652438,MSH2,p.Ala327Ser,P43246,327,A,S,A327S,0,1,-1,post_2026_01,1,0.0992,934,33,DFSQYMKLDIAAVRALNLFQGSVEDTTGSQSLAALLNKCKTPQGQRLVNQWIKQPLMDKNRIEER
