family,column,depth,gap_frac,n_distinct,label
7tm_GPCR,E N V N L I V Q T H T G D L T L A Q A T L T A G T A V V I I V V H L A A L V T Y,40,0.0,12,0
Ig_I-set,T S L D T F Q S K K V R D R A T R K K E S R V Q T D H A E H L T R S A L T H T S,40,0.0,12,0
SH3,G G G G G G G G G G G G G G G G G G G G G G G G G G G G G Q G G G G G G G L G G,40,0.0,3,1
RRM,G C A A A G A A A G A A A G T G G A G G G G G G A A G G G S G A G A A A A A I A,40,0.0,6,1
globin,I M V L V V F I V I L F L L V I V F V A I L I L V . I F L I V I M I L V V I V V,40,0.025,6,1
7tm_GPCR,. . Q . Q K R . K Y K R Y D K R H . R S K N . P . . L R A K K T S P F I A R R R,40,0.2,14,0
protein_kinase,Q A L C V V V V I I V I V V I I L V I C I L V V A V V V V V V V V V L F I,37,0.0,7,1
cNMP_binding,E D D D Q N D Q G R D Y T D E D D G D D R E S Q S D E E D S K N D D D D E D D E,40,0.0,10,1
globin,A Y A K A Q E A V G I M T A A Q E E M V V T Q R T Y G E V D V A V D A A M A T V,40,0.0,12,0
protein_kinase,A T N D A K F E E E R Y D A I I I I I M I I R V . A V R E D A L Q D D V Q,37,0.027,14,0
protein_kinase,G G G G G G G G G G G G G G G G G G G D G G G G G G G G G G G G G G G G G,37,0.0,2,1
homeobox,A K Q H A A L Y D T W G E Y Q E K E Q E Q V M C T E R V H S S Q R Q Y E Q D Q E,40,0.0,16,0
cNMP_binding,R D V L T F V K Q T L V G E V S L M L I I R E F V R M F F E F I V L V F E E H R,40,0.0,14,0
7tm_GPCR,V . A T T N . Q L E K G F Y L N . . K S L A L F V H N E N N L D V Y H R S L R R,40,0.1,15,0
protein_kinase,D N K R D H D T N Q T P H D R K S D H S K R K Q E N N S D T T T Q K A K E,37,0.0,11,0
7tm_GPCR,T V V V R L A V C I T V M T T H F T R C C T T V H F V L K . C Q C T S I V C T C,40,0.025,13,0
cNMP_binding,E A E I P A G A A P G A A G M C A S P T P S G A A T P A G E G E A A A . A G S G,40,0.025,9,1
Ig_I-set,A G I V T V L V I A I I V V V V V R A V T V V C A V V V V V V V A V V V A I V L,40,0.0,8,1
7tm_GPCR,. . . . M R E . . K E R K . E D . . E E . E . . . . . S . S . E K . E . S . E G,40,0.5,7,1
globin,G F S Q T Y D D T T I G A A S S H D N S D T H A S . G S N S S G H S L A P S K G,40,0.025,14,0
7tm_GPCR,T T T I L L C L T T C T T T L F L A C A A C T T A T T C G L V C V A C T C A C L,40,0.0,8,1
SH3,V I V V V L I V I I N V V V I V V V L V V V L I I L I V V N I I V I L V V N V V,40,0.0,4,1
7tm_GPCR,G G T A A A A S T A A A V L A A A S A V T A S A V A G A C A T A V S A A S T S A,40,0.0,7,1
SH3,V P K E E I P Q V T K T E V S R R S Q E Q R E Q V Q F E E Q E K K E T E T Q T M,40,0.0,11,0
protein_kinase,M C C C C L M M L L L M C I C I I L L L L L L L M M M M L L L M C C C T C,37,0.0,5,1
protein_kinase,Y Y F F L L L L L I L L L V L L F L M L T L M L L F L L L L C I I L Y Y F,37,0.0,8,1
7tm_GPCR,S F R I H R R L L W R A W R E H P I R K V R R K Q W N R L L M Q Y Y Q L S I R H,40,0.0,16,0
RRM,T R R I Y L Y K Y E K K A R S K K A R I T G T H K R G V Y T M K K T K I M F Q K,40,0.0,15,0
protein_kinase,R R N K E K R C E L R Q Q R E A G S L A L Q S T D E I K E E E E K R L K S,37,0.0,13,0
globin,Y L V M L L G Y L Y Y L Y A L T L G L F F . N F L L L N Y F M L V F F V L F L L,40,0.025,9,1
7tm_GPCR,L L L L L L L L L L L L L L L L L L L V L L M L L L L L L L L L L L L L L L L L,40,0.0,3,1
cNMP_binding,F F V L F E L C L L L G L F F L L V L F L L L L L A M L . L F L Y F F . L I F I,40,0.05,10,1
cNMP_binding,L I A M T V H I F I S Q M F T Y I M W I V M V I L S H F I L Y I M L L F M F F V,40,0.0,12,0
protein_kinase,Y Y H Y T Y H Y Y Y Y F F Y H H Y Y H Y Y Y Y Y H F A Y F Y Y A Y Y Y Y F,37,0.0,5,1
7tm_GPCR,D E N E S D N Q . P M Y L A S D I Q G M F R L D N M Y Q W Q . A R T L D G S L A,40,0.05,16,0
protein_kinase,P A A A K Y L F Y Y N Y Y L Y F K M P T T T L M L L M L L M L F V K A R R,37,0.0,11,0
7tm_GPCR,A S Y Y S T E F D H T S N S N S N Y N Y D V R Y N E T Q Y K D E N A F Q T H E G,40,0.0,14,0
protein_kinase,C C A V V A G A G A A G C A G C I V C V C A A A A C G C C C L C G A A G A,37,0.0,6,1
RRM,Y Y F V Y I Y F Y F F F F F Y F F K F T F S V F F Y F F F Y F V Y V Y Y F F Y L,40,0.0,8,1
cNMP_binding,L V S E Q V P S P G T K T P P S P E P A S V D K G E E P E G E F K I P P P S R R,40,0.0,14,0
SH3,L L L L L L L I L L L L L L L M V L V L L L L L L V M L L L L L L L L L V L L L,40,0.0,4,1
globin,E P L L V L E A L K N I K N L T L E S S P M P T D A E Q L H L Q D H L V D A I V,40,0.0,14,0
globin,G S S H A V H G T D Y S C D T T A H S G D A Q D S G D H . G S D Q G G Q V N T G,40,0.025,11,0
7tm_GPCR,S R K Q R A K K T K K R T K K R S Q K E T K R D R K K K R R T K R E K Q K T K K,40,0.0,8,1
homeobox,H E F L R L E E E E M Y V R L T F A Q Y S E M R L E E E A K T M S L R K T V K A,40,0.0,13,0
Ig_I-set,S I P I P P L L P L P L N L P P P P P I L P M L T P L L V L P L S P L P P P P L,40,0.0,8,1
protein_kinase,E E S L P D P P M H I E E E E E E E E E E D E E E E E E E E E E E P E E E,37,0.0,8,1
7tm_GPCR,S N K E S H L S R Q E A K Q S A R Q K G L T P K Y W R R K . H H Q S R L A R D L,40,0.025,15,0
7tm_GPCR,G K K K R H Q K H R H R H L K R H R Q R Q R V K G R R R K Q H Q R H R K R Q Q H,40,0.0,7,1
SH3,N G G L G R G D D S K . T L D A A . D A N G N . S . N V T T Y S . G M R D G . .,40,0.175,12,0
protein_kinase,A K K D W Y A R C S I S H E E F P D A E Q N E D R D Q R K R R R G D N T G,37,0.0,17,0
7tm_GPCR,R V K T L F T K I K A A V A A V L W A L W A R K Y W R L I R W F L W F S L M A N,40,0.0,13,0
Ig_I-set,T I L I I L I I L L L L V L V I L L L L I P L L I L L I L L L I L M V V V F I M,40,0.0,7,1
protein_kinase,E R R T K Q Q S Y T S K T M S P I K N A S S G N S F D H N K K K S H Y N E,37,0.0,16,0
7tm_GPCR,R L N V S S I S D M V Y L L Y S L V G G D L L A V G F R F Q E L R F D I G D T W,40,0.0,16,0
7tm_GPCR,P G P L D F K V P Y T P V Q A D Q V A V T I L P L P P V F L T P I H P L V V T R,40,0.0,14,0
7tm_GPCR,T . T H W W N L R T A T L S Y W S V W W K W L V V V T H T V Q Q L R W V W R W Q,40,0.025,12,0
7tm_GPCR,I I V L L V L I L M L I L M L L I L L V L L M I V V I L V T L L L L L A A L L T,40,0.0,6,1
7tm_GPCR,F R A T K I P N E Q H M N S E K T D E L D L Y D R S R P N T S G G E S D P D P G,40,0.0,17,0
cNMP_binding,G G G A G G G G G G G G G G G G G G G G G G G G G G G G G G G G G G G G G G G G,40,0.0,2,1
globin,. G B S . . T . . . G G D S . . . N G G . K . . G N . N . E . . N N . . G G . .,40,0.5,8,1
globin,A G S K P K D A E H S T R A A G K E D D H M G H D K H E K E E H Q A S K Q Q K K,40,0.0,12,0
protein_kinase,V W L Y Y Y Y Y W Y F Y Y Y W W W F F F W W F W F W W W F W W W L . W F Y,37,0.027,5,1
globin,I L F R L L G V L I V T I F F Q L G V N S L I L T L I G F Y L L G Y L M V S N F,40,0.0,12,0
protein_kinase,V R R R A L L I L L L V L L W V V V V V I I L V I I I V I I V V W V I V V,37,0.0,6,1
cNMP_binding,P A F M P E A G G . L V A T A G G S V A A S S D A N I T A S D L I L G . G S G S,40,0.05,13,0
homeobox,R K Q L K K K K K K K K K K Q K K K R R R K R K R K K K K K K Q K K K R K K K R,40,0.0,4,1
cNMP_binding,V A A I L G A V V L V F I L V V V M L V I V V L V V M S L L V I I V Y L V V V V,40,0.0,9,1
protein_kinase,I L C L L L L L L L L L L L L L L L L L L C L L L L C L L I L L L W F F L,37,0.0,5,1
cNMP_binding,I V V I Y L V F . V V I L F L A L L I L V L L I L L I L T V L L V V L A L Q L L,40,0.025,8,1
globin,A K M P A A A K Q V Q K E R L T A Q K K P K G P K K I Q R G Q A K K P K M Q P S,40,0.0,13,0
protein_kinase,Y Q S G A K K S T K Q K R K V Q Q R I E N H D E L Q E E H G S Q S K S A L,37,0.0,15,0
cNMP_binding,D E . . T G S Q N K . D S E T E A G Q A M L A E P P . G M Q Q Q R S Q E E R . E,40,0.125,13,0
protein_kinase,G G G G G A V V V I C S A V G G G G G G G G G G G G G Y G G G G G G G G G,37,0.0,7,1
cNMP_binding,Y F V Y Y F Y Y Y W Y Y Y Y Y F F G Y Y W Y Y W H R Y L Y Y Y S F Y F Y Y Y Y L,40,0.0,9,1
homeobox,L I L L L L I L L L I I L I L L L L L L L M I L I L L I L L L L L L L I I L L L,40,0.0,3,1
Ig_I-set,V R K G P L I P T F I P R A L V G P M R K A S P K S S G L E L P Q P L S A I I I,40,0.0,14,0
RRM,D D V R E I E E R E P E K Q D K L H H P A A V T E E E T T N E K E A Q N V K D A,40,0.0,13,0
cNMP_binding,V K . . Y L P P M P . P I P P R P C P K P P P A D V . F Q P S G A T P V E P . D,40,0.125,17,0
cNMP_binding,Q H S F G R A C C G G E K V A R N S G E G E S C T Y S S A C S A D R Y R R S G H,40,0.0,15,0
protein_kinase,F I L L Y Y Y Y Y Y Y Y Y F Y F Y F F F F L Y S W Y Y Y Y F Y Y R L Y W Y,37,0.0,7,1
protein_kinase,A A A A A V A A A A A A A A A V A A A A C A A A A A V A A A A A A A A A A,37,0.0,3,1
globin,A K P P P P P A P P D H D P P P P P K K A H N K P A A P P P P A K P P A K S P P,40,0.0,7,1
7tm_GPCR,L V L L L L L L Y L L I F F L L L I L F Y L F L V V I L L L Y I L V F L F N L L,40,0.0,6,1
Ig_I-set,I T . N T I R E T N S I N R L T D . E R K . E T . D V H T L . R . . S V D D K H,40,0.175,11,0
protein_kinase,F L L V L M L L L L L L L F L I F M L L L M L L L L M L L L M L L L L L L,37,0.0,5,1
cNMP_binding,F P P Q E . K E V D Q A D E P Y N D G D Q E D I E D D D D D F K A E R P N R K S,40,0.025,14,0
globin,A A V K T C N E S T I A A A G S V N A A L H D H A Q D H H E S D K Q V T A Q A C,40,0.0,14,0
protein_kinase,. E N Q . I D E E I . K G . . D D . T D . I . . . R S T Q Y D D K K . N T,37,0.297,11,0
7tm_GPCR,R N Y V L . Y H I R K L R K K I I . I F I R R R R Y L R A . V F W V K R P I K H,40,0.075,12,0
cNMP_binding,Y V S K K E M E V F V V T A R S I M H V F M R F Q S V E V K K Q R A L A S V G R,40,0.0,15,0
7tm_GPCR,A A S A S S S A G A S A A A S A C A A G A S S A G A V A I S G S S A S A S G G S,40,0.0,6,1
protein_kinase,I I L I I Y V I I L V V V A F I K L R L D L K G R . M T R . T L L A E C .,37,0.081,14,0
protein_kinase,G L L V L L L L L L F L L L L V C V I V V L V L L M L S L L S V A A L L L,37,0.0,9,1
protein_kinase,S S T A K E V V E K V S V L S K R K E K T R C T C S T V V I Q T T K V Q G,37,0.0,12,0
globin,K R K L K L Q V K R K R V T K L K G R R R K V R R A R A A T K R K T K T T R K K,40,0.0,8,1
protein_kinase,K K K K K R K K K K K K K K K K K K R M K K K K K K K R R K K K K K K K K,37,0.0,3,1
Ig_I-set,G Q P P . P P P P E K P P P P P S P S P P P P P P P P P P P P P P P P P P P P P,40,0.025,6,1
homeobox,S S S A A A S A S A A A S A S A S S A A A A T A A A S A A R A S A A A A A A A A,40,0.0,4,1
RRM,A G K T A E K P P I D R S P E E K R G L P P D K P P Q S A Q N D R P K S P P Q P,40,0.0,13,0
cNMP_binding,V I L P V V I M I V I I V V L I V L L I V V I V V I V I V V I F V V L L I I V I,40,0.0,6,1
7tm_GPCR,H T L N I . V F M N L S R G L K D S A G Y I H S S P V T G L L I T G V G A M I K,40,0.025,16,0
RRM,P P T G P P P N P P A N P P T A T T P P P S P A P G T A A T D H P G P P P P P P,40,0.0,8,1
7tm_GPCR,I L L G L . I L T F F L V A L L I V V L L V F I F I I L L L T V T F I V I T L A,40,0.025,7,1
RRM,P G K R K S P F N G E K K E P Q E K A E N Q E Q P Y D N P P A K G K P K S E D H,40,0.0,13,0
7tm_GPCR,N K G . C A D Q P G E T V K L L M H D L N D S N G F E A N P D K T P T G N N D G,40,0.025,16,0
7tm_GPCR,Q G . T T K C E K Y K D K V C K P D P R . S N K E E S . S A A C A Q Q E K . E P,40,0.1,14,0
7tm_GPCR,I M I M I I T M V I L M I I M I F M I I I M I I M L N I I M I M M L M I I T M I,40,0.0,7,1
protein_kinase,N S T . Q . Q D K S D T K . I . N E K N S M L D D . K D . D N P T L A . .,37,0.216,12,0
protein_kinase,F Y Y Y Y F Y Y Y Y Y Y Y Y Y Y Y Y Y Y Y Y Y Y Y Y Y F Y Y F Y Y W W W W,37,0.0,3,1
7tm_GPCR,C F V N G C I L V T G F A T W M V F C T V Y I T A T T C L A C F G V T F W A G V,40,0.0,12,0
protein_kinase,D D D D D D D D D D D D D D A D D D D D D D D D D D D D D D D D D D D D D,37,0.0,2,1
RRM,D V L L L I L V L I I I I L L I I L Q I L T G V L V I I L V V W V I I P L L L I,40,0.0,9,1
RRM,T H . A R G G G G E I N G G . G G K K R K G . K . . G G N . G . . . K G G K K K,40,0.225,9,1
protein_kinase,N G D D N N P D V D P K D E E H P N N M G M L S P Q K R R T S E E R A P E,37,0.0,15,0
globin,G S G A G G G G G M A A A T G A G G A A V A A L A S A G F G G A A A G S A S G G,40,0.0,8,1
homeobox,S V H S Y H S E R E R I F H S E Y K E T D A E V E E Y V Y Y D Q Q E A E Q N S E,40,0.0,14,0
protein_kinase,I V V I V M I V I M V V V M V I I W W W W Y M M V V I I L M M V V V I I I,37,0.0,6,1
homeobox,L L L V L L L L L L L M L L L L L L L I L L I M I L L L L L L L L L L L L L L L,40,0.0,4,1
cNMP_binding,L D P V S E P S Q P P P R M P F P E A E T L P A P S P W P R T E G E Y P R P V H,40,0.0,16,0
Ig_I-set,I V V V A V A A V V A V A A L A V I L S A V A A I A V A A A V A I A A V L V V C,40,0.0,6,1
protein_kinase,. . H . I G . . . . . . . . D . R Q H D S P S S Q . N G . E D E V I L . .,37,0.432,12,0
Ig_I-set,S T E E P Q S P S . P S S S A V Q P Q E E S E P D . G I P N V Q E V T P N A S S,40,0.05,11,0
RRM,I F V I L L L L M L I L P L S I V I L S V V V V I V L I I V V V I I L I L L M V,40,0.0,7,1
protein_kinase,T Y Y Y K Y Y Y Y Y Y Y Y Y Y Y H Y Y H H H Y Y Y Y Y Y Y Y I L I F A H Y,37,0.0,8,1
RRM,Q S . A G Q Q K R R P K L K . R S E T D R R . R . . T M Q . N S . R P R L V A K,40,0.175,14,0
Ig_I-set,Q G S R R E Q K D . Q D H G A S V G V K S . N H D . A N D P R K E G S S K R R D,40,0.075,12,0
7tm_GPCR,L L T A F K E A L A T T F Y L F D A E S F D V T . I F A Y E N I N H E Y N F Q A,40,0.025,14,0
7tm_GPCR,. . S . V K Q . . V A L R . L A . . F Q . F . . . . . T R M . I L E F . N . L R,40,0.425,13,0
7tm_GPCR,Y E A E P S E R F V E Q L I Q V V R F S F V M V T T T Q R D L S M W N A S F A D,40,0.0,16,0
homeobox,H E M F F E H Q W D G G D L I W Q E H Y W Y D W E W E F W A Y M M W M E W Y Q L,40,0.0,12,0
7tm_GPCR,N R Q T D T N K N K C L H I C K I K K G . C N D T R T C Q C S D R R C A G . C P,40,0.05,14,0
7tm_GPCR,K K R S . G N D F T Q T K S Q G E T G . L G Q N T G S W S T L L N G . D G A G A,40,0.075,13,0
protein_kinase,D K K K S F A M N H V N S L S L F F F F L F R E H F K F S D K R N N T N A,37,0.0,13,0
SH3,S A P G A A A K G A A P P A A K A S A A A G T A A E P A S A A A P A A K A A A T,40,0.0,7,1
7tm_GPCR,C F C F C C C F A C C C C C T C C T C C V C C S L L C T C C A M C C C C A T C C,40,0.0,8,1
protein_kinase,G E P . I . N S T N S S S . I . T K D E L Q H Q V . E T . . E G D A N . .,37,0.243,14,0
cNMP_binding,. Q Q T R Q . I . V G E T I K V A Y R L A M . M V T K Q Q E N H A V A Q . . L .,40,0.175,14,0
cNMP_binding,Y A N S A F A S A C T S A A A A A S V L Y A A Y A Y T Y S T A S A L A Q A A A A,40,0.0,10,1
Ig_I-set,K K K K S K N K K T S K F K K R K K Y R H K K V K K K K K C K K R K K L K K R Y,40,0.0,11,1
protein_kinase,D D D D D D D D D D D D D D D D D D D D D D D D D D D D D D D D D D D D D,37,0.0,1,1
7tm_GPCR,H S Q Y A E S D L L D P F I E A N Q K T I R E P T S P D Q T F N S L D P I A A V,40,0.0,16,0
protein_kinase,Q K N K D . M S I I . . K . T G K A T K E E K . A R S . D K . E E E . D .,37,0.243,12,0
Ig_I-set,T H T K R K T K N S Q Y N I Q E R Q K P A E V E D Q Q T K R E I R N T K E A D T,40,0.0,14,0
7tm_GPCR,K K G H S T N R G D T . D S A I P K E Q G K S K R S R A Q K G V A Q A K R G V P,40,0.025,14,0
cNMP_binding,S A K V A I V V V L I R V A I I I L I I L V V V L V A I T S I I L L V I I I I A,40,0.0,8,1
Ig_I-set,K T V T T S T A D G T K E A A T I S H D R S K K S S S T D S V E E E E S S N H R,40,0.0,12,0
SH3,K V T K K Q I T S E L K R K M F E E K K E D R T E K Y L R K R Q N R R F V R E K,40,0.0,14,0
7tm_GPCR,Q H H P G Q E S S E R D T D H R E G F Y R K T R Q Y N R N E D R D E F D T G K R,40,0.0,13,0
Ig_I-set,E D Q C Y Q N F S S N F Q Q A A K G K N K T G Q D M D R K F A F Q T R T E K Q I,40,0.0,15,0
RRM,P S D H R K Q L K R H K G R R T K R T T R P E E E R A K Q K Y K V T V L L L L I,40,0.0,15,0
7tm_GPCR,A G G . E E G G G G S G G G G E E G G L T G E G N G A A A G G G G S G V G G G S,40,0.025,8,1
protein_kinase,E F F F Q R N E V R Y Y Y G F F I F S F V F I F Y P R P L V L V V A L F M,37,0.0,14,0
7tm_GPCR,S L G F D H . T I V L G Y S I T F S G S E G A G L G R P L M E . S F T G S E G R,40,0.05,15,0
7tm_GPCR,. . K . R I L . F E L E A . F D . . L T F S . K . . K L V K F Q A D M R K F M G,40,0.25,14,0
RRM,A A A A A A C A A A I A C A A A A A A A A A A A A A A A A A S A A A V A A A F A,40,0.0,6,1
protein_kinase,N N N N N N N N N N N N N N N N N N N N N N N N N N N N N N N N N N N N N,37,0.0,1,1
homeobox,P E K R P E K R N E Q Q A A K V S H Q E E P A A E T E T Y K S K K S P K S M P G,40,0.0,14,0
7tm_GPCR,F F F Y A T F F L Y F F Y L F S L F F F F F F F . F F F F F F F F L F F Y V F V,40,0.025,7,1
protein_kinase,L L L V L V E V D I I M I F G L G L H I Y V S D G G N K K E E G K E K G L,37,0.0,13,0
Ig_I-set,V F K Y P K Q E V K Q E H V R A R E R Y S S R A R T Y E D R Q K S K T H V S T E,40,0.0,13,0
protein_kinase,F G S G S Y Y Y F Y F Y Y N F Y F F F V F F F F T F F Y S T F F S F Y F S,37,0.0,7,1
homeobox,E E E E Q M E E E E E E E E E E Q K Q N E E E E E E E E E E E E K E E Y E E Q R,40,0.0,7,1
7tm_GPCR,W W L F S A V W M N S W T H Y S V W S V M V W W I L R A W A M S N V K W M T A L,40,0.0,14,0
cNMP_binding,L I C N Q H L I A R K A V K I Q I V V H R Q R M T R L N R L T V L M L T V M Y G,40,0.0,14,0
cNMP_binding,Q Q V G L L V G G Q G T N L N S G M M S H D G H G E N M L G S E S D A F V G D G,40,0.0,13,0
globin,R S L R L K R R L F V S I S R T F R N F Q K T Q S N Q R K T L Q S T L N D E L L,40,0.0,12,0
SH3,F F F Y F Y F Y F Y Y F Y F F Y Y Y F Y F F Y Y F Y Y Y Y Y F Y F F Y Y Y Y Y L,40,0.0,3,1
RRM,T R G . D S N K N A S E Y S E D N D G T H R Y D E S R H S E S E D A I Q A S N H,40,0.025,13,0
homeobox,L A K Q Q E H Q Q I L M A L K D E N A L E H R H R L F K E Q Q K E V K L Q A Q A,40,0.0,13,0
protein_kinase,L I I F V F F F F F F F F M M L F F F F F F V I L L F I F V L I S L I V I,37,0.0,6,1
protein_kinase,V V I V I I I V I S V I V V I L V T V V V C I V L I I I I I V V V I V V V,37,0.0,6,1
7tm_GPCR,E E E N L L A H M S H M E D S H . Y A T F F F S A G E L K . I N N A R P E I H E,40,0.05,16,0
protein_kinase,I L I L I L V I L V I L I L L M L L I L L L V V L I I I I L L L L I I I I,37,0.0,4,1
7tm_GPCR,G H G R K R S G S G G G G G G R I G G G S G G G P G G A P G S P G G G G G S G P,40,0.0,8,1
7tm_GPCR,E K E Q S K C S E K A D I L D N C S L H . S V E L F V D H G S E R S F I E . S A,40,0.05,15,0
protein_kinase,H Y N Y K N N N N N N N N N G N N F F F Y F H R N N Y N H N K N N N N H N,37,0.0,7,1
Ig_I-set,L L L L L L L L V V V L V L L L L L L V L L L L L L L M L V L L L L F L V L L V,40,0.0,4,1
SH3,W L A W Y W F V W W W W W W W W Y L W W C W W W C W F W W W W T W Y W Y W W S W,40,0.0,9,1
RRM,T T V V R T S R F R E A L A Q T E E P V I T E T P R K A V V K E R F K Q K K D E,40,0.0,13,0
globin,A A R P T S K F T S D A Y A T H S K A A G Q E A T N D K E D T G P S T T I N T T,40,0.0,15,0
protein_kinase,P K K K R Y M L L Y Y W M F L R L K R K V D K V V S K V V L K Q E P K I V,37,0.0,14,0
protein_kinase,G G G G A A G G G G S G A G A G A A G A A A A A A G A T A A G V G G G G G,37,0.0,5,1
protein_kinase,A G G G G G G G G G G G G G G G G G G G G G G G G G G G G G G G G G G G G,37,0.0,2,1
protein_kinase,V I I I I I V I I V I V L I V I I L I I I I V I I I I I I I L V L I I I I,37,0.0,3,1
Ig_I-set,V V V L A V V K V V G L V M F Q T I I I S L V K A Q V L A Q R Q A L T L V I I L,40,0.0,12,0
7tm_GPCR,L P L P P H . F N E . E W P Q D . K . S I . A P K E L . P P L . Q V . S P V . G,40,0.225,15,0
globin,F F F V F F W F F F F L F F F F F W F F F W L F L F Y W Y F F Y F F F F F F F F,40,0.0,5,1
protein_kinase,. P V V . N T N T T . K . . . G . . L . . . . . . E I F Y Y W L S . . E G,37,0.432,13,0
cNMP_binding,Q T S E T M L V R Q V V E E Q T E V W E T T K R E L V S E E K W I L S A I V T V,40,0.0,12,0
7tm_GPCR,W E W K V W W W Q W W W W W W K D W W F K W W W W W W W W W K W F W W W W G W F,40,0.0,8,1
Ig_I-set,E G G G G G G G G G G G G A G G A G G G G G G G G G G G G G G A G G G G G G G G,40,0.0,3,1
7tm_GPCR,A T V C V L V L Q V V V I S L V T V A T R K A V I A I A A L G L K A I Y G R A R,40,0.0,12,0
cNMP_binding,E A A L E S E E E D E D A E E E E M E E D E E G T Y E F L V E D E V E L E E E I,40,0.0,12,1
7tm_GPCR,C C S A S S S C P T S S T S S S S S S C P S C N C C C S C S P S S Q S S A P S S,40,0.0,7,1
protein_kinase,L F V L R . I I Q I . . L L P P L L L L N F R T G A Y . R R R W Q R M A I,37,0.108,14,0
Ig_I-set,D E P S E H K L P P K S S M P P E V V K R L L P M D K P E E Q P Q T P P Q D P L,40,0.0,12,0
7tm_GPCR,D D D D D D D D E E D D D D D D D D D G D D D D N D D D D D D D D D D D D E D D,40,0.0,4,1
7tm_GPCR,C C C C C C C C C C C C C C C C C C C C C C C C C C C C C C C C C C C C C C C C,40,0.0,1,1
protein_kinase,R E K E Q F A A L K Q E L I L Y V E D Q K Q N V V L F Q H I R F L E I K Q,37,0.0,13,0
SH3,A V V A A A V A T A A A A A V A A A A A A A A A A A A A A A A A A A A A A A A A,40,0.0,3,1
globin,A D Z I D D D A D R T G T G V K D D T D D R T N A D Q K G S D S N S D A E N D D,40,0.0,13,0
globin,. S A D F F D A L D V S I G L G F D T A D E G D S E D D N Q L D A E L A N D L L,40,0.025,12,0
7tm_GPCR,V V I I L L C V V M I L C L L L I V I L I V I V I V I I L F I I I L C V I I V L,40,0.0,6,1
protein_kinase,. T I I . Y P P P P T P . T . E . . . . . . . I . C H K Q E T K D . . G N,37,0.378,12,0
SH3,P S G E D V H L P T V S S S K S E V I S N S S T N N V S T E N D S E S D L Q N V,40,0.0,13,0
protein_kinase,H H H H H H H H H H H H H H H H H Y Y Y Y Y H H H H H H H H H H H H H H H,37,0.0,2,1
7tm_GPCR,R G A A A L V S R T A G G A A A A C A A C M R A T A A A G V C A A A A A A A A W,40,0.0,10,1
cNMP_binding,Y T Q K S G F T G L G Q G H M T D D G N L E I T R K V . G T T T L T D D T F E D,40,0.025,16,0
protein_kinase,E V T I E D D Q D Q Y V L H L E E R D D T A P A E V V E E D E Q E I E L Q,37,0.0,12,0
7tm_GPCR,T T V L K . F I Q H W S S A W F F T W E Q F I A L L S W A W Q W T M W F Y Q F V,40,0.025,14,0
7tm_GPCR,V I Q L M L H V . F S K V A V M L K L A V S M T M G L N Q Y . N N I N T N S A Q,40,0.05,14,0
protein_kinase,D D D D D D D D D D D D D D D D D D D D D D D D D D D D D D D D D D D D D,37,0.0,1,1
RRM,R S S D D K E V K R E L L R F K Q Y L S V V D V K W T K K R K D L T M N N Y Q D,40,0.0,14,0
cNMP_binding,Q L N L K S N Q R F K T L D L N L K E E E L D Y H L E A Q G I K R K L E E S K K,40,0.0,15,0
globin,. L A V . . A T . N S L N L . S . A L L N G K K L D R A M V . D L L . V I L . .,40,0.25,12,0
cNMP_binding,A A S K P P H A P R C R K Q D Q K G A K A A E E A R R P Q E S S E E E D Q K Q L,40,0.0,12,0
protein_kinase,L L L L V L V I L M L L V L V I I L L L I F L I V I L V V V V V L M L L L,37,0.0,5,1
7tm_GPCR,I T L L L W S I R L Y F F I K L V A A L S C C Y L G T C A L R S I A I C A G A A,40,0.0,13,0
Ig_I-set,E N D D D D G D E D G G N G Q N D G N D G G E D G D D D G G G K G G G G R G G G,40,0.0,7,1
protein_kinase,P V I V P Y S T T T S S P K R Q F R S A K R H S A S T E K P Y P A K T E P,37,0.0,13,0
7tm_GPCR,P P P P A S P P P V P P P D N V I P P F P P P P P P P P P P P P P T P P P P P P,40,0.0,9,1
protein_kinase,E G G R K R K E E M K R G Q P Q H K R R G S S E K R K E D S E R V E Q A V,37,0.0,12,0
protein_kinase,I I I F I K K T Q L L L I K P I I Y M I F I V T L I R E E P V K H E V L S,37,0.0,14,0
7tm_GPCR,Q A W M G F T N R S P . V S A Q Q S A . K F R N S T N S R D R S S Q A N E R K S,40,0.05,15,0
7tm_GPCR,T S M K L F L L L M L K M K L L L R L L L L R L L . V L K L L L M S L P L L L G,40,0.025,10,1
homeobox,R R K R R K K K R R K R K R K R R K K R P K S K A K R K R K R K K R R K R K R K,40,0.0,5,1
protein_kinase,R V T T Y I E K K K K R K K H M T I C V T C V I I F E V I V F S K A E Q Q,37,0.0,14,0
7tm_GPCR,V V V V L L L V I V L V V I L L L V V V S V I V L V L L L V F F V M M V I L M V,40,0.0,6,1
globin,I F F L V L V I L F T F I L L M L V V F L L L L F I L V . L L L L L I L I L L V,40,0.025,6,1
7tm_GPCR,S A A V C T A A A A A A V T S S T A G V A G T A V L A L A . A A A G A S V A A A,40,0.025,7,1
Ig_I-set,I V V V L V I V V I I I V V V V V V V V V V V V V V V V V I V V V V V V F V V V,40,0.0,4,1
protein_kinase,L S S T S D T S T G T S G T G G S G D T G D D S G G G D G G G G T S S T G,37,0.0,5,1
7tm_GPCR,H . . H F P . . G H . D N A . F T . . N E G E E S Q V . Q . G G . L . R F P . .,40,0.35,14,0
protein_kinase,K K K K K K K K K K K K K K K K K K K K K K K K K K K K K K K K K K K K K,37,0.0,1,1
protein_kinase,S E S R K Q V K N Q R Q R E T E K S S Q R R S A R E N L T V I V . S S T .,37,0.054,11,0
protein_kinase,R R Q E K . K P . . A R Y . E F R R Q R A D Y A K P N R E E D Q . . R . T,37,0.189,11,0
globin,P P P P P P Q P P P P P P P P S A P P P P P E P P P P K P K P P P P P S P P P P,40,0.0,6,1
Ig_I-set,G G G G G G G G G G G G G G G G G G G G G D G G G E G Q G G G G G G N G G G G G,40,0.0,5,1
protein_kinase,A T Y Q I K M H Y V Y R R G E E E Q H Q N R E E T E E D E E E E S L R L V,37,0.0,16,0
protein_kinase,F W W W W W W W W W W W W W W W W W F W W W W W W W F W W W W W Y W W W W,37,0.0,3,1
7tm_GPCR,C V V N L A A C A A V G A A L L A C T F V V C C L T C L V A V A A A V C M V A A,40,0.0,9,1
protein_kinase,I I V V F V L L I I L L I I I V I L I I I L V I I I L I I L I F I I I I I,37,0.0,4,1
protein_kinase,. . N . I H . . . . . . . . E . D D K N K D S T N . N P . R N S G D T . .,37,0.432,11,0
7tm_GPCR,N N N N N N N N N N N N N N N N N N N N N N N N A N N N N N N N N N N N N N N N,40,0.0,2,1
globin,A Y V V T T F A T T T Y T V T F A F Y Y V A Y V Y F G F T V S V L V V T Y F T T,40,0.0,8,1
Ig_I-set,Y Y Y Y Y Y Y Y Y Y Y I Y Y Y Y Y Y Y Y Y Y Y Y Y Y Y Y Y Y Y Y Y Y Y Y Y Y Y Y,40,0.0,2,1
7tm_GPCR,P P P P P P P P A P P P P P P P P P P P M P P P P P P P P P G P P P P P P L P P,40,0.0,5,1
protein_kinase,H K I H K R T C A C E N H T A N S K Q N S R E Q D R C H Q V K D E N V A C,37,0.0,13,0
7tm_GPCR,I L I V G L V V T F V V V F C V A V V F F L V L S V I T V I S I V L V L I F V L,40,0.0,9,1
cNMP_binding,T H Q V V R L R E Q E E G Q N V T R K Q E K E E R Y H H R A S S T Y R K S V E E,40,0.0,13,0
homeobox,F Y F F F F F F F Y F F Y F F F F Y F F F F Y F Y F F F F F F F F F F Y F F F F,40,0.0,2,1
globin,V F V V V V F L V F L F L Y V M I F F F W F M F F G F F R L I F F I V L I L I L,40,0.0,9,1
cNMP_binding,N N I Q L H S Q R A T R S A D E S S R Q T R H Q Q R E K D R S K A S A R D Y T Q,40,0.0,13,0
7tm_GPCR,V F F F C G W F R V I L F V L Y A F F P K F V L F I F P L F Q V F I W L M K M Q,40,0.0,14,0
SH3,I I N L D V I T K L E H L A V K P F A L K M R N D N Q L L G K K G D S L D G N R,40,0.0,17,0
7tm_GPCR,S S S S A A S S G A A S A T S A A S S A A S S S A S S S T S A S S A S S S A A T,40,0.0,4,1
7tm_GPCR,S Y S Y N Y L S S Y Y Y R E Y D S N M A T T E Y . S Y N Y Q K T P Q A Y I T Y K,40,0.025,14,0
SH3,E E E D E E E E D D E E D D E E E D E D T H E D Q E E D D E D E E E E E E E E E,40,0.0,5,1
cNMP_binding,V V Y I T Q V R S R R R T E Q K T V R K R Q R R E V M F A H I V E Q V E S V F R,40,0.0,13,0
protein_kinase,K D N D K D C S G I S T K E R K R S E K F K Q D H T L S A K S R V E S E D,37,0.0,16,0
7tm_GPCR,M L F S S L F F I Y L F F T L S F L F F I F W F L F F L L F I L F A F F L I L G,40,0.0,10,1
SH3,S A V D Q D K T P E E D E K M E T N Q E V P Q Q Q T A A K K Q D V S V F T K T T,40,0.0,12,0
7tm_GPCR,E D T . P L Q A H R V K R V A Q V K E Q H D E I H W Q P I T N E A G I V L H P V,40,0.025,15,0
protein_kinase,Q T D Q D N T T T T V T T S T D Y K H N S W T K E N N M R K K C S M L P T,37,0.0,16,0
protein_kinase,A K D D N K T L N N E E H A F F M F H F F W H M F F F L F F F F A N R A T,37,0.0,12,0
7tm_GPCR,N N N N S N S N M N S S N N S S S N N N N S N N N N N S N S N S S G S N N N S H,40,0.0,5,1
RRM,L R H F K V K I M P P M V V N I S P K V V I Y M L A L V V F A V K S K L V S R A,40,0.0,13,0
protein_kinase,S N N N P P A I G S R S G Q D S N K K G G T L N N Y S A P H S P R R S L E,37,0.0,15,0
7tm_GPCR,V V V V V V V V I V V V V V V V V V V V L V V V L V A L V V I V V A V V V I V V,40,0.0,4,1
protein_kinase,A K E E K K I R K T Q R V R D E K R H C K T Q H K N Y Y S F L V T E N K E,37,0.0,16,0
globin,F V L V M L F Y M F V V I Y M L M F I V L I L L V L V F M L M I F L M L L L L L,40,0.0,6,1
protein_kinase,E E E E E E E E E E E E E R E E E E E E E E E E E E E E E E E E E E E E E,37,0.0,2,1
7tm_GPCR,T . A N . C . R P T A D T . V C . . E R S Q D F I T R L V A P D P T K T R S T N,40,0.15,15,0
Ig_I-set,E G T G G G Q G G K S G G G G G G G G G G G G G G G G G G G G G G G G G G G G G,40,0.0,6,1
7tm_GPCR,S G S G S S S G N S S S S S S S S G S T E S S S G S S S S S E S S P S S S E S S,40,0.0,6,1
7tm_GPCR,L I L L L L L L L M L L L L L L L L L L L L L L V L L L L L L L L G L I M L L I,40,0.0,5,1
protein_kinase,R L . G . R V K V S E K L Q . . . . . . N . . G . . . . M M . . L . . A A,37,0.486,11,0
7tm_GPCR,S L M V L I I A V V I V L M A L I T I V A I A A V A V I T I V I V G V A V V I V,40,0.0,8,1
protein_kinase,G G G G G G G G G G G G G G G G G G G G G G G G G G G G G G G G G G G G G,37,0.0,1,1
homeobox,A K D L L H R G V R L A E P T V D R A E P R A S T G K R V K A E R V A R M T L V,40,0.0,13,0
7tm_GPCR,L I I M V I I I I V I I V I I I R T V L I I S I F L V I I I I T I T I I I I I I,40,0.0,8,1
globin,A M L C T T Q N V D L A M T L . T Q L I N A Q N V V D A V M V D N A V T G A V A,40,0.025,11,0
cNMP_binding,C G N G G A G G G G G G A G A G G G G G G G G G G G G G G G G G A G G G G G G G,40,0.0,4,1
protein_kinase,S R T P S T L V . . I L G . A N V V V K C S A A P G P F A Y F H . . T S I,37,0.135,15,0
globin,S D V T V V K D V Q K S G G V K V A S A K F A R V N M P A K V A E G V Q K G V V,40,0.0,14,0
Ig_I-set,N Q A Q R N V Q S K S D K L R R M R M S R E S R K R K I K Q L T V H V K K R Q K,40,0.0,14,0
7tm_GPCR,P F . T . . . S . N . H . . . . C I . . . I F I P Y W . M V . C D S S I . . . .,40,0.475,13,0
globin,V I L V T N A V V I A I A V V I C A V V V V V I M I I A A L I I I V V I L V V V,40,0.0,8,1
Ig_I-set,V V V V V V I V V F I I V V V V V V V I I F I L I V V V V V I I V I V L V I I V,40,0.0,4,1
homeobox,R R R R R R R R R R R R R R R R R R R R R R K R K R R R R R R R R R R R R R R R,40,0.0,2,1
cNMP_binding,I L L L L I I I I I I L I L V V I L V I V L L L I I L V L L I I L L L L I V V I,40,0.0,3,1
protein_kinase,E T Q V I L K K E R D T K D V S R Y V K F V V I L I L V P V I V F L L R N,37,0.0,14,0
7tm_GPCR,K R L H K K Q K S K K S K K R K K K K R S T L K T K K K W R S K R A K K K S K R,40,0.0,9,1
globin,V S Z E V E D V D A S A S P H A T D A V R Q A D K R S N Q D N S T A E V K T D E,40,0.0,13,0
protein_kinase,I I I L M L L L M M L F L I L . I F F L F M V M L V L L L L M L L L I I V,37,0.027,5,1
globin,E E R R P K K P K K P N E G Q A Q K N G D D F R D G D K N V K G D T K G M Q G K,40,0.0,13,0
protein_kinase,K K K K K K K K K K K K K K K K K K K K K K K K K K K K K K K K K K K K K,37,0.0,1,1
protein_kinase,M R H Q P R V R M T L S E E E D T K Q A C Q T A P K L K E F T H E T D S T,37,0.0,15,0
7tm_GPCR,M I L L T I I I M V I L I I I T I I I L M I L L I I I I I I M I I M I M I M I M,40,0.0,5,1
RRM,L L L Q L L L I I L V L V I L L L L L L I L L L F L I L L V L V L I L L L L F L,40,0.0,5,1
7tm_GPCR,Y Y Y Y Y Y Y Y Y Y Y Y H W Y Y Y Y Y Y Y Y Y Y Y F F Y F . Y Y Y Y Y Y Y Y Y H,40,0.025,4,1
7tm_GPCR,T W T F K L V I H Q L N A K T T A V G R T W F T T R T G D S Q A T K N L L L T A,40,0.0,15,0
7tm_GPCR,T N V . R S N M F V S V S S G S I A R C F K P T A M R G T K F G N S D N T F D T,40,0.025,14,0
homeobox,R R K R R K R R R R R R R R K R A R C K R R H R H R R R R R R R Q R H T R R R H,40,0.0,7,1
7tm_GPCR,I L L A L L V V V L F V L V L L I I L V M I L F . G I L I A V I I V I I I L I V,40,0.025,7,1
7tm_GPCR,I V V V N K . I E K I V K L P E . A . E S . L V V R S . V S N . Q A . A R V . R,40,0.2,11,0
RRM,T Q M E D R N K Q S V S G E M E K V F E K V K I S T E F T T L T E E I P Q Y K V,40,0.0,16,0
protein_kinase,H V V V I L L L L L S L F L S S L L L L F F L L M F L F F L L L L L V I F,37,0.0,7,1
globin,K D A F D N R H S A K N K K S S H R K H K Y K G K L A R E K S A N K A E A Q A S,40,0.0,13,0
homeobox,L L M L L M L L L L L L L L M L L L M L L L L L L L L L L L L L F L L L L M L L,40,0.0,3,1
RRM,G N N F N Y N R S N N G N N N G N N G N S N G G P N N D N G N N G L N N G N G N,40,0.0,9,1
cNMP_binding,F V I I F F L L L L L I L H M L V F F L L L L M L M L G L A F L M I C . M V L I,40,0.025,9,1
protein_kinase,R F T T N Y W W W W Y W W W V D N E G E D E L A H P G N G G E Y G A N F Y,37,0.0,14,0
protein_kinase,Y P V K S M H H Q N D V Q N R P G D A G G G P E P Q S G G A P K P M G M E,37,0.0,14,0
7tm_GPCR,V A L V V L L L V F L V L A F V T F T F V A L L T L F V I L S L F V L A T A L Q,40,0.0,8,1
7tm_GPCR,I L M I A V L L I L A I L V T A L L A L V A L L V T L A L V V L L V A L V I A I,40,0.0,6,1
cNMP_binding,K G G G G G G G K G G G G G G G G G A G R G I D G G G G G G T G G G D G D G G G,40,0.0,7,1
protein_kinase,V S N H K N E E R S K K Q R K T S N L T N S R K L L K R Q R C H R M N E G,37,0.0,13,0
7tm_GPCR,V A V T L T A T I I T T V I S V A I S A L S V V Q V I L V V L A V V A L I L A A,40,0.0,7,1
globin,L I L V L L Y M L L L L L L L L L F M L L I L L L M L Y I K L L L K F L I A L I,40,0.0,8,1
globin,D N G Y E E R E N Q E T Q V H V N V N K R A V R F . V N V V A V L S N V H L K I,40,0.025,16,0
globin,K R L P L L R G L F K R N M L N L R R R S R R K R R R R F H L R M H L R R F L L,40,0.0,10,1
globin,S F A G A T N S S V A F V V I L C N F F A Y L V F . T N A C A T F C A Q F I A S,40,0.025,12,0
7tm_GPCR,H D N D Y Y N D Y N N D S R N Y Y D N N Y N N S T A T N K N Y N N L N S N Y N H,40,0.0,10,1
7tm_GPCR,F L M L G I A I T I G V V A S V T F A V M G W L S V F G C G V G I L S A L T G L,40,0.0,11,0
globin,L I L L L L A C L I I I I M L M L C M I I V M I L L I A F L L I I I L L M L L L,40,0.0,7,1
protein_kinase,A S S S S S S S G G S A A A S A S G S T A A S S S S S S A S S S S S S S S,37,0.0,4,1
7tm_GPCR,V L A L V T V V L Y I L Y A I V I L V Y L I A L I I F M L V V V V L L V Y L L T,40,0.0,8,1
protein_kinase,P S E P P H P P P Q P P P P P V P P V E P P P P P P P P P P M P R P M C P,37,0.0,9,1
SH3,D E N E N D E D E E D D E A D D D S D D E D E A E D D E D A Q D D Q E D E A D D,40,0.0,6,1
SH3,P D G P D E D P D D D D D P D N D D D D D D D D D D D D D D D D D D D E A D A D,40,0.0,6,1
7tm_GPCR,L M A L L V D L S L D F A P K M Y M Q N . C L I H S V C N A K N E L P V F . S E,40,0.05,16,0
globin,A T Z S A A A L S A A A A A S A A A A S A V S A S A A A A S A A A A S A A A S A,40,0.0,6,1
SH3,D I F K K N F I V H I Q R E Y E H M T V R H C E R T L Q E H L F T K W K E Q Q T,40,0.0,16,0
7tm_GPCR,T K K R Q K A R H R K E R Y E S N K H K H K G K V R K A S S R K R Q H G S C S R,40,0.0,13,0
RRM,M A V L I M T T Q V C T A A I T K T A C V V G T V G V V T L I Y V I C I L T A Y,40,0.0,11,0
7tm_GPCR,S A G A C A G A T A G S A Y C C I A G S T G S A P A A G L G S G S A G G A T G A,40,0.0,9,1
protein_kinase,I L L L I C C C I L I I C I C L M L M L L L L I C M L L L L I C L L L L L,37,0.0,4,1
cNMP_binding,A A A V A T A A T A A A A A A C A A A C A A A S A A A A A A S A A V A A A T A T,40,0.0,5,1
cNMP_binding,Q H M M I W A T A E A R S S C I T S S K L A R T T A Q W T R E K L A W M N T S V,40,0.0,15,0
protein_kinase,. S S S D G P P C R G Q P H T G E D K S G S G G D K P E G Q A G G T S N L,37,0.027,14,0
7tm_GPCR,. . R . G S K . . A R K K . K M . . R A . R . . . . . H . R . N A . R . K . R R,40,0.475,8,1
Ig_I-set,F L L L L L L L F L L L F L L L L L L F L L L L M L L L L L L L L L I L L F F L,40,0.0,4,1
protein_kinase,N Q Q Q S . S T T T . . I . R T K H L R H H N G S R N . A I . D V N . A .,37,0.216,13,0
cNMP_binding,E G G G G H H G R G Q G G G G A G G D G G G G N G G G H G G E G H G G N G K G D,40,0.0,9,1
7tm_GPCR,C C C C F . C C C C C C C C C . D C C C C C C C C C C C C C C C C C C C C C C C,40,0.05,3,1
protein_kinase,G G G Q G R R R K K G F G G G K G G G G G G G G N G G G G G G G G G K S G,37,0.0,7,1
7tm_GPCR,L L S L F R Y Y Q Y I F Y K W F F I F V K E Y M G D Y F H F K L I L F L T K L F,40,0.0,16,0
protein_kinase,H E V E S Q T E R L T T E V Q V H E S E N E A I R H V V D E N E K T H I A,37,0.0,13,0
cNMP_binding,K G A G E D T Q . G S G R G E T N Q H R N G K H D D M D G G K N A D A G A A A E,40,0.025,12,0
protein_kinase,D Y I Q T K L V F F R E I K G T K D Q K K K E M . M . E L . E E . S N K E,37,0.108,15,0
protein_kinase,I L L L L L V L L I L I L I L I I I I L L I L I I I I I L I L A I I L I L,37,0.0,4,1
RRM,Q N K P N R P H F R I K I Y L N E R V N K V R R N R Y H K P T C N S K R K N R D,40,0.0,16,0
protein_kinase,L V I I I I I V F I V F C V V I V V V F I I I I F V V V I I I V V I V I V,37,0.0,5,1
globin,G A G E T S E G . . K A K S . . K E A A . S . . A G . E . K . . G K A G E K . .,40,0.325,6,1
protein_kinase,S P D P P P D E P D S P P P P K V R P P K K P P P P Q P P P P P L . V P E,37,0.027,9,1
SH3,L Q L L E L L I L L E L L L Q I L I L L L L L L L L K L L L M L L K K I I L L L,40,0.0,6,1
7tm_GPCR,. . R . Q S S . A Q M G L . S Q . . K T S I . D . . K A R V N S N S S D M S A G,40,0.25,13,0
7tm_GPCR,F D L E L V A I R E N D D M Q I T I T D S S L H Y D N L H T P A L T S A D S S C,40,0.0,17,0
cNMP_binding,H N R S E S Y D H S Y V N R N F Q E D K H D G R Q N H S L Y Y D D E Y F N Y K R,40,0.0,13,0
protein_kinase,L F F F F W F F F F F F F F F F F F L F F F F F F F F F F F F F F F F F F,37,0.0,3,1
7tm_GPCR,Y Y Y Y Y Y Y Y Y Y Y Y Y Y Y Y Y Y Y Y Y Y Y Y Y Y Y Y Y Y Y Y Y Y Y Y Y Y Y Y,40,0.0,1,1
Ig_I-set,S D T S V A T I G E D T D E L I I V I D T V E V R L V T L I T V P Q V L T T L T,40,0.0,12,0
protein_kinase,L L L I C C V C C C C S C C I I V V C I V I C C V I V I V I V V V V A C I,37,0.0,6,1
SH3,E K M K K K Y L K T E R K E K S A A K Q T N R P K K R L M C E K R R K K L T Q R,40,0.0,13,0
RRM,F F F K F F V F F Y L F F F F F Y F F A F I V F F F Y F F F F F F F F F F F F R,40,0.0,8,1
protein_kinase,V V V V V V V V V V V V V V V V C V V V A V V V V V A C V V V T V V V V V,37,0.0,4,1
Ig_I-set,I P P T V K S P L F V P V P R Q K H K L Q R I K T R P K P K T K Q G E A K I K Q,40,0.0,14,0
7tm_GPCR,S V T V W C S Q I V S S T M T W L E S L I S A K W R I A C S G G L S S K Y G S W,40,0.0,15,0
SH3,P P P P P P P V P P P P P P P P P P P P P P P P P P P P P P P P P P P P P P P P,40,0.0,2,1
7tm_GPCR,P P P P . . P P P P P P P A P . H P P P S P P P P P P P V P P P P L P P P S P P,40,0.075,6,1
globin,K K Z A H H K R H I N E G V H . H K G S S V K V E K K K L Q H F I Q H V K D A H,40,0.025,15,0
protein_kinase,N Q N G K Q K R K T T S T N H N S N V N N K Q N K Q A Q P C E R L S R T K,37,0.0,14,0
7tm_GPCR,. . . . A S K . . R R R K . K I . . K R . Q . . . . . R . L . Q K . T . L . R R,40,0.5,8,1
RRM,N K . . . D . D D E K D D D D D V D T . D D D D . N D D D D D . . N K D D . . .,40,0.275,6,1
protein_kinase,I L . I . I T I I I I I I M . . . . . . S . . P . . . . L F . . S . . I L,37,0.486,7,1
7tm_GPCR,T T T S S M T T M T A A T P N S M T T L M S L A P N T S I T M T T S T S A M A I,40,0.0,8,1
protein_kinase,L N P H E T S V E N E E D R S K D A D D G D D T K D L A A G K A E W H S G,37,0.0,14,0
Ig_I-set,V D Y A V A Q V E L S V D A A C K S R D E A V I Q V A A V D Q C V D A N D V Q A,40,0.0,13,0
protein_kinase,A L I I W L L L R E V L L L F L L H H A H M Y F Y K Y K Y R R R I V L L V,37,0.0,12,0
globin,G E K E A P M K P P G E G A P T K D A G K E T L A D G A P S S A M S L D A G P T,40,0.0,10,0
cNMP_binding,E D A E Q E E E T H T Q D D E T D D D M Q D D N D Q E D D D Q E D D E E T E E E,40,0.0,8,1
protein_kinase,P S G S Q F P P Q Q P P P A E Y Q Y R K S S C S G D R A W Y M W E R H P L,37,0.0,16,0
cNMP_binding,N T S Q T T T T N T Q S T T T S D N E N T S T T A T T T D T T S S S T S I T S E,40,0.0,8,1
globin,C I A V S A F M A V F I L I A F A F I I I I F V I L I F F I A L I I A L A F A T,40,0.0,9,1
7tm_GPCR,. . R . D N K . A H K I L T T P . . L A A I . R . . S R E K A M A R K T K A K P,40,0.225,13,0
globin,D S B N G D S S S S N T N N S D A S T T E S G S T T T S G N S S T T S N S S S S,40,0.0,8,1
homeobox,L R R R R V R R R R I M R R R R L R L K K R I R I R R R R R R R R R R L R R R I,40,0.0,6,1
7tm_GPCR,W L L L L L L L V S L T M C I L L F L L A S G C L L L M L L A L M L L L G W M A,40,0.0,11,1
protein_kinase,L L L L L L V V V C A V I A L I L L L L L L L M C C L L C V I A Y Y L L L,37,0.0,7,1
protein_kinase,H A L S H . . . . . . . . . V . R L I N K L M Q K . K I . . N Q S G A . .,37,0.405,12,0
Ig_I-set,V Y E Y Q E K R F N W Y N A Q R Y N Y T Y D Y Y E I F K N C S A A N K V S V R A,40,0.0,15,0
protein_kinase,L Y L L L F . . H L . . L L L L L L L F L I L L L L L L L L L L L L L V L,37,0.108,6,1
globin,N A K R T G D F K Q S P K A E R E G A T R D T R S Q S K S K N E A T K N S G K V,40,0.0,13,0
protein_kinase,L I I I I L L L V L I L L L I L L L L I L I L I V T L L L L I L V I L V V,37,0.0,4,1
homeobox,R K P R Q K K Q K S P S T K A H S P N P N R R K R Q V M H S R P S Q K S R Q Q P,40,0.0,11,0
7tm_GPCR,S M A N K G N H M . S A . E R K H G P F P P W R . Q K K A . M S R P E Q R G V Y,40,0.1,15,0
homeobox,D R E D E K E E Q L H Q E Q R Q Y Q K A Q E Q A Q D Q E E E K E T R H H E K A F,40,0.0,11,0
cNMP_binding,I I I Y Y T V I I F Y F L F F I A Y Y F F F F I F I F S Y Y I C F F L V F I F L,40,0.0,9,1
homeobox,Q Q Q Q Q E Q Q Q Q V V Q Q Q Q Q Q Q S Q Q Q Q Q Q Q Q Q Q Q Q Q Q Q Q Q Q Q Q,40,0.0,4,1
globin,F F F F F F F F F F F F F F F F F F F F F F F F F F F F F F F F F F F F F F F F,40,0.0,1,1
protein_kinase,D T T T T S T T T T S T T T T T T T T T T T T T S S S T T T T S T T T S T,37,0.0,3,1
RRM,G E G G G G G G G N G G G G G G G G E S A G G G G G G A G G G G G A G G G G G G,40,0.0,5,1
SH3,W W W W W W W W W W W W W W W W W W W W W W W W W W W W W W W W W W W W W W W W,40,0.0,1,1
Ig_I-set,P P P P P P L P R S L P P P P P P A P F P P P P V P P P P P P P V P P P P P A P,40,0.0,7,1
globin,W W F W L V F W L W W W W W L W L W W W W W W W W W W W W F V W W F V W V W M W,40,0.0,5,1
globin,S S V I C C I C S T A G A L C E C V S T A A D A S V S V H I C E A I C P I M C C,40,0.0,13,0
protein_kinase,. N K S . D S S Y D Q Q Q . R E P T S E . H T . S L N T D E E S V T S N N,37,0.135,13,0
RRM,N Y D S D N N D N N D N P N D N N D Q N R S D N H D N Q N N N D N H N N N N P T,40,0.0,9,1
globin,G G B D D D D D D D Q P R G E D D D G G E Y N D G D D D E G D D G G D D S A D D,40,0.0,11,1
Ig_I-set,V A A A A G K I L I K L I V A V A A T V A A A I A V A L A V V A V V A C V A A L,40,0.0,8,1
RRM,K S L P P Q F Y Y Y H T Y Y N W P Y M E Q P P P L N P P P S R E Y P K R N T T K,40,0.0,14,0
protein_kinase,. D S P . D W W W W . W I . . F F I V F . I V . Y Y T G S S D S R L Y P L,37,0.189,12,0
7tm_GPCR,Y Y F F V L F Y Y F F Y L I Y L F Y F Y Y F Y H Y Y Y F H F Y F I L F F Y H F F,40,0.0,6,1
protein_kinase,D D N D D D N D D D T D D N R C D D D N D V D D N D N D D D D N D D N D E,37,0.0,7,1
protein_kinase,S S S S S T T T T S S T T T T T S G G G G G S T T S T T T T N T T S T T S,37,0.0,4,1
7tm_GPCR,. . . . . V T . L A I . L I T . L . A I T V . . . . . L . I T F L L V . I T V L,40,0.4,6,1
globin,D N B E N D N N D D V N Q G D D D N N S D H D D N D D N N K N D S N D N N D D N,40,0.0,10,1
globin,. I V L S S I L S N P I P L S A T V L I K W T E I M N V Q L S N A L S G V I N H,40,0.025,15,0
7tm_GPCR,K E R G . . . V T K . V L . . . . T . Y I . . T Y L K . . . T . . G . . W T . P,40,0.475,11,0
RRM,I A A N Y N Q K R S E R K R R D Q D Q E A E R E E R Q S R V D A Y K E S A K E T,40,0.0,12,0
protein_kinase,V I . L . V A I L I V V T I . . . . . . . . . D . I . . I I . . L . . I I,37,0.486,6,1
7tm_GPCR,K T R N T N S A N S T L S Q T T T . T S T N Q T S G T T T . N S T S T N T T T S,40,0.05,9,1
globin,P E L V L L E A L A V N V Q L I Y A E E E I A G N E V I I L F V Q K I E S N L F,40,0.0,13,0
globin,G A S G A A I G S A G V G V R M A I A G A G C A G S A M A A S K G A S A G A A S,40,0.0,9,1
globin,L H H H H H L H H H H H H Q H Q H L H H H Q Q H H H H Q L H H H Q Q H H Y V H H,40,0.0,5,1
globin,V E B I D D L K K I E K E K L Q K I E E L Q E L E S M V . N N M G N D N H E Q D,40,0.025,13,0
RRM,F F F F F F F F C F F F F F F F I F F A F F M Y F F F F F F F F F F F F L F L F,40,0.0,7,1
7tm_GPCR,H H N R N N N R T S N N S N N N N H N A I N H N H N N N N N T S S N N N A T N N,40,0.0,7,1
Ig_I-set,L I P P L P . P P P K P P P P P P P P P P P P P P P M P P P P P P P P P F P P P,40,0.025,6,1
7tm_GPCR,E K A W L L V E E G Q E G S L M A K L Q D H E Q Q R S V Q M E C E A I G M R T G,40,0.0,16,0
7tm_GPCR,V E Y K S F Y A I C Y S A V G F V L F F I Y S T V L F V I F N I F F S M F F Y T,40,0.0,14,0
7tm_GPCR,F D D V Q C I Q T F W F T T V L C R P L . I F I L R A I A I N V L T I V L . H L,40,0.05,14,0
cNMP_binding,L I I L M A L V L L L L V I F L I F V I L F L I L I L I V L I L I I I F F L F I,40,0.0,6,1
Ig_I-set,I F I F A F V I L M V F I F F F F F F F F F F F A F F F F F F I V I F F F F I F,40,0.0,6,1
globin,L L L F L L Y F L F F L F F L Y L Y L L F Y Y F L F W Y Y L L W L L L M Y L L L,40,0.0,5,1
Ig_I-set,A A I F Y T Y Y L R F S F K E L H L S K L R Y L T K Y F Y F T M H S L Q V Q V F,40,0.0,14,0
protein_kinase,V S S S A A A A A A A A A A G A A C A S S A A A A A A A S S A S V A S S C,37,0.0,5,1
globin,A A B Q Q D S M H Q E A G K H N Y S A E K D A E K Q H D E N Q N Q T N G P S H H,40,0.0,14,0
Ig_I-set,Q L H S A Q Y S S D Y N M R L R N S S D S R L R F K S K T A S S R D K E L T S D,40,0.0,14,0
homeobox,F F F F F F F F F F F F F F F F F F F F F F F F F F F F F F F F F F F F F F F F,40,0.0,1,1
7tm_GPCR,N L I I I I V Y I I V V I L F I V Y V T I V N I L T F I F I S V L L V F F V I L,40,0.0,8,1
7tm_GPCR,Y Y M F F L N T P W T Y F D F F M F E W P Q A Y F Y F A Y T A D L L L F Y P K F,40,0.0,13,0
globin,G R G A T S W G S G K R K L G L S W R R E Q L G R R E D G T S V R T A V E R G S,40,0.0,12,0
protein_kinase,. . . . T E E R P D P P D S . . E A . K N K H F C K . G K L S S S . . T L,37,0.27,14,0
RRM,V V I I V V C I L L I I V V V V V V V M V V V I V V V V I C I V V V V V I I I V,40,0.0,5,1
Ig_I-set,D D D D D D D D D N D D Q D D D D D D D D D D D D D D D D D D D D D D D D D D D,40,0.0,3,1
7tm_GPCR,I I I V V V I M C I I V A V V V I M I G S I I V F I I I V I C I T L I I I Y I S,40,0.0,11,1
cNMP_binding,G D G E G G G H G C R G G G R G G G G Y G G G G G G G G G G G P G G G G G G H G,40,0.0,8,1
Ig_I-set,S Q K E I E V K T Q N K E S G S F R T E T T E E L T L N T E H K F T N E S T T S,40,0.0,13,0
protein_kinase,D N K A S Q D D P K T N E R D D E F Y R H T R D H D E D D D E D N R R G D,37,0.0,14,0
globin,L F L F L F F L L F V F M L L A L F F F M F F I F M V F V I L F F I L I G V L L,40,0.0,7,1
cNMP_binding,F F L L W I F L F F F V L L Y F F L L L F F F I L V F L L L F N L I F M M L L V,40,0.0,8,1
SH3,N R T H S Q K P D T E E H E S S K E S H G Q D A G S Q N D R E S E A Q M E R S E,40,0.0,13,0
SH3,V I V I I L V I I I F F I I V I V F V I V F V F V V V V I F I A F I V Y F F F F,40,0.0,6,1
protein_kinase,S S S P E S S D S S P S S N S S S G S S S S T S S S S S S S S S A P S S S,37,0.0,8,1
homeobox,T K R R P T T T P K K R K S R H N P A K K A T P L V K S N G L R P H R L Q N P Q,40,0.0,12,0
homeobox,A A R R A V E R Q Q N K E Q K L K S D M K N A K S A R Q M L A K A G S H V N H N,40,0.0,13,0
SH3,V A I K T V N M I K K F K E K V F Q V Q K T E V Q V T K R L E I V I R K A I I V,40,0.0,12,0
protein_kinase,V Y R A C K G S Q N S E G K W S D G G K Q R G S R G W K K K N K S D K K W,37,0.0,13,0
homeobox,A R K R A Q Q T I H T V A D L E E E Q Q L V Q A Q V L I E E R L E E E D E E A E,40,0.0,11,0
protein_kinase,D S N N Q V D K K K D D R S D D S D D D T K T E Q Q G K S T A T S P Y D G,37,0.0,13,0
SH3,N H D G D A C D E G D P E E S S D E K E N T E D S K A G S G V G E D S E D G G R,40,0.0,13,0
protein_kinase,E G G G S Y A S D T A S D P Y G H D G G S N E Y H . C R H G Y . S A N Q R,37,0.054,13,0
protein_kinase,G D N S D K K D K R F S D R S L K V K I V V A I . T K D R K K L G E E S P,37,0.027,14,0
globin,Q L A T H H F T A A T D T L A K H F L L E F K H K L Q F A N A Q L P G V I M A A,40,0.0,15,0
protein_kinase,A A S S P G A A A P A A S S P A A A A A A A A A A A A A A A A A A A A A A,37,0.0,4,1
RRM,A A A A A A A M S L F A Y A A M M A A L T A M V A A R Q A A A A A I L A T S A A,40,0.0,11,1
protein_kinase,K N H A A E E E H Q A K H Q N N D Q E R N K C N S Q G Q Q Q Q R Q D K S H,37,0.0,11,0
protein_kinase,P P P P P P P P T G P P P P D D L L P P P P P P L P M P P P P P P S A G S,37,0.0,8,1
protein_kinase,G R G G D T . . D D . . T D V E G G G G K G D G G G G G G G G G G G G G G,37,0.108,7,1
Ig_I-set,S I I V S R S A Q Q S H K A S N G P A R E T G K N L T R T A I Q D Q K Q L R S N,40,0.0,15,0
protein_kinase,T E S S . E P R H N D G K E N S . K E Q E E . . N Y . E . . K . . . . N M,37,0.297,13,0
protein_kinase,G G G G G G G G G G G G G G G G G G G G G G G G G G G G G G G G G G G G G,37,0.0,1,1
protein_kinase,E E E E E E E E E E E E E E E E E E E E E E E E E E E E E E E E E E E E E,37,0.0,1,1
protein_kinase,. L I V T Q H V P A E P S Y V P S G K K K S T S S G S N E V G E G T . S N,37,0.054,14,0
protein_kinase,N P P P P P P P P P P P P P P P P P P P P P P P P P P P P P P P P P P P P,37,0.0,2,1
protein_kinase,Q M G . K . . . . . . . . . G . Y F H F N Y V Y Y . F E . . L F V A Y . .,37,0.432,12,0
RRM,S P A H D Q G D G G K D T S K D M D P R N L R D A C K N G E N N L F M G G R K G,40,0.0,16,0
globin,I I V I V V L I V T V V I I V V V L I I V F I V . I V V I I V I I I V I V V V V,40,0.025,5,1
protein_kinase,E Q I . L R D P P P . C K H E W T E G K H Q L D . N . . E . N D . Q D D L,37,0.189,14,0
homeobox,K K K Q K R K K K K K K K K K R R K K K K K R R R R K K R K K K K R K R R R K K,40,0.0,3,1
Ig_I-set,E D V R R R F E N S F I S L T L N M K N E E R D V D S D V Y D F T D T R I R R K,40,0.0,13,0
protein_kinase,I L L L L Y E K I V Y Y D L I I L L L L L L L V I I L I L I I I L L I L V,37,0.0,7,1
protein_kinase,L I V V L L M L L A C M L L I I I L L I I I L I L I I V I V I I A M L L L,37,0.0,6,1
SH3,G G G G G N G G G G N G G N G G G G G G G G N G G G G G G G G G G T N G G S G G,40,0.0,4,1
Ig_I-set,W W W W W W W W W W W W W W W W W W W W W W W W W W W W W W W W W W W W W W W W,40,0.0,1,1
RRM,N N . P . I E E Q N G E S E . E R Y N . T D . A . . N V T . E . . . L L A A L S,40,0.275,14,0
protein_kinase,E E E E E E E E P E E E E E E T E E D E E E E E E E E E D E E E E E E E E,37,0.0,4,1
protein_kinase,I L I V I I F I I I V C I I I V F L L L I L L I I L L Y L Y C F L I L V L,37,0.0,6,1
SH3,E A K E N K A N E N E D E D D E G A S E G S D Q S N K R D S E Q D N D T H E N E,40,0.0,11,0
7tm_GPCR,A A V C A F L A D V A I L S L V H A V L D V F A I L M L A L G L P E T A N T L P,40,0.0,15,0
protein_kinase,V L L L I I V I I I L V I I V I I N R Q I R C L I I I I M I I I L A I I I,37,0.0,9,1
7tm_GPCR,S . . . . . . S A . . N Y . R . . . P P Y . . N G . N A N T G V K . P Y P G D G,40,0.4,11,0
7tm_GPCR,E N A E A E R V L L Q T K A T N Q K R R Y H S N A N D R K H Y S S C S P P L Q D,40,0.0,15,0
protein_kinase,H N V L L L L L L L M L L I L M H L L L M M Q L M H L L L L M M I F L L M,37,0.0,8,1
RRM,S R G N G T G S S N D G S G G G G G D G G L S G N G G G N G G K G S N G D G E Q,40,0.0,10,1
protein_kinase,L E Y N K Y L Y L K Y Y W Y W K T A A S A G G R S A K H R K R K L V T K R,37,0.0,13,0
7tm_GPCR,I L I I I I I L L L I I I M L I L I I L L I I L M F M L M V L L L L V I V L I I,40,0.0,5,1
cNMP_binding,S S L Q E E K L T R T E E I V E N D L L L V L R M V M I L V R L A V A V N R L L,40,0.0,13,0
Ig_I-set,E S M E T T I V W T A K R T V S I Q I S S R E E D Q A I S T K T Y Q K S S T D K,40,0.0,13,0
7tm_GPCR,S C V Y H R R A I S R H C P R H A M T V I S Q A A R P Q Q T I E G G Q T H I R S,40,0.0,14,0
RRM,R R A S D K F A S S N D E S K D K D A E E K Y R K D K L M H T K D K K E Q K K A,40,0.0,14,0
cNMP_binding,R M G P L R I M M V R E P M A I I E G L I M L L P S L R D V L I N R L . T V L E,40,0.025,13,0
7tm_GPCR,R R R R R R R R R R R R R R R R R R R R R R R R R R R R R R R R R R R R R R R R,40,0.0,1,1
7tm_GPCR,A S M N Q T R Q K A S G L N N S P K S A M K R K R S K K R H K K Q H K K A K F A,40,0.0,13,0
globin,M L L F L L L M L I I M I F P I L L L L L L M L L L V L L L L L L L I L F V I L,40,0.0,6,1
7tm_GPCR,Y Y Y Y F F L Y F F L F F L F F F Y F I F L Y F Y W Y F F L F F F F F Y L F L F,40,0.0,5,1
SH3,M G Q K . Q G E R K E Q Q . K K T R H K . Q . Q . R T R Q I . Q R . K E V K V N,40,0.175,11,0
cNMP_binding,D G G N N G G G G G Q G G G G G G G G G D G G G D G Q G G G N G G G G G D G G G,40,0.0,4,1
protein_kinase,H S E N Y S N R S T E H R V S Y N R K Y K Y D S H W F H F E N A H N E H D,37,0.0,13,0
7tm_GPCR,V H V R R R R I L A R S K H R K K P K H V C I V S L N R R V L K H R A Q L L R H,40,0.0,12,0
7tm_GPCR,I L V L F L M L L T M L T V M F M L L V T M L L L L L M L L V M M G M L T V L L,40,0.0,7,1
Ig_I-set,F F L F F F F F L L F L L L L F F F F L F F F F L F L L L L F F F I L M L L F L,40,0.0,4,1
RRM,I R V . R E N K I . V V K V S I . G E T K E C V K R K S Q M L E R E T V K K L I,40,0.075,13,0
Ig_I-set,C C C C C C C C C C C C I C C C C C C I A C V C C C C V G C C C C C V C C C C C,40,0.0,5,1
globin,H H H H H H H H H H H H H H H H H H H H H H H H H H H H H H H H H H H H H H H H,40,0.0,1,1
Ig_I-set,K T I R R N S K D P S H K Q K K Y Q R K S S E R V I E R K R Q K F K V G S H R S,40,0.0,15,0
RRM,L L V I I F L L I I L L L L L L L L L L L L L L L L I L L M I L L L L L V I I V,40,0.0,5,1
protein_kinase,P L E G E V S E S Q D K S S D E A E K H E R R R R K S S S T Y R V D E D E,37,0.0,14,0
7tm_GPCR,L L E L F L L I T A L L I L L L M L L F A L L L F L L L L L L M L F L L F I L L,40,0.0,7,1
RRM,A E G C G T K H N . N D N N A E . A D R K R K . E E . E A S K Q E . K A G R . .,40,0.175,12,0
globin,A G B S N K L D A A K G K N D L T L G G N Q A N G A G L A R A G A K G Y E A D A,40,0.0,13,0
7tm_GPCR,D D D D D E D D D D D D D E D D D D D E D D D D D D D D N D D D E E D D D D D D,40,0.0,3,1
protein_kinase,W A I F L . . . . . . . . . Q . E E E S R N K K N . K E . . A R H Y Y . .,37,0.405,13,0
globin,M I F V L L V L L L L V L M L I L C I L L L I L A A L V V V L L L V L V A L L L,40,0.0,7,1
SH3,S E E I G M E V N R A Q T I E T R N R I S T N Q G K T V R K A S Q T Q R V Q Q N,40,0.0,12,0
Ig_I-set,P K Q K T I I D K A I V K S Q K E I L K Q S V V D T E V E R Q T S I K I E V S N,40,0.0,13,0
Ig_I-set,T V S Q F K E T E E N K V E D S N N R N V D E D D K K D L E S D R P V R K M T I,40,0.0,14,0
7tm_GPCR,Y Y Y Y Y Y Y Y Y Y Y Y Y Y Y Y H Y Y Y Y Y N Y Y Y S Y N N Y Y Y S Y Y Y Y Y Q,40,0.0,5,1
7tm_GPCR,W W W W W W W Q S W W W W M W W W Q W Y I W W W Q W F W F W I W W W W W W I W W,40,0.0,7,1
globin,L L L V I I Y L L M I F L V L L L W L M L M L F L F V W L A L L L A I L F F I L,40,0.0,8,1
7tm_GPCR,Q N R Y S K R Y M A R R K T V H R Y C R V F R F T F F T R T L L R G R C T A L R,40,0.0,15,0
RRM,F F Y Y F Y Y Y F F F F F Y V F F F F F F F F Y F F F F M F F F F L F Y Y Y F F,40,0.0,5,1
globin,S F F S F F A S F . L F L F L . Y A F F . I . . F F . A . F F . L L W L L F F F,40,0.2,7,1
7tm_GPCR,V F I G V I I F V I I F F F M I L V L I L F I L I I I I V I L L I W I F I F V W,40,0.0,7,1
Ig_I-set,V A A A A V A A V A V A A A A A A A A A A A A I A A V A A A A A A A A A A A V A,40,0.0,3,1
7tm_GPCR,S G M G E T I L I I V M P P I D I P I P I I F F L V E L E P V L F L S M I I I A,40,0.0,12,0
homeobox,V V V V V V V V I V V V L V V V I V I V V I V V V V V V V I I V V V V V V V V I,40,0.0,3,1
protein_kinase,K N P Y N K K R I R L K L A E F A K D N R K S S P N D D E K K P E R V I N,37,0.0,13,0
protein_kinase,H H H M H H S H H S H H H H H D Y H S H H H H H H H H H H H H H T Q H H D,37,0.0,7,1
7tm_GPCR,W L Y T Y L M L T W A W H V I C L A L V A I C I T W Y V W Y L M T S A S Y S A A,40,0.0,11,0
Ig_I-set,I I I I I I I I I M I I V L I I I I I I I I L I I I F I V I I I V I I I I I I I,40,0.0,5,1
globin,I Y G Q A A K T E N T Y A F E Q A K Y Y Q C N D Y S T K D L W N Y L G A H V T E,40,0.0,17,0
RRM,G G G G G G N G G E T G A G G G G G G N K E N R G G G G G G G G G S G N G N G H,40,0.0,9,1
globin,V I V F V V L I V V V I I V V F V L I I V F F V V V V L I V V V I V V L L I V V,40,0.0,4,1
7tm_GPCR,D Q I H P P M E Q Q P V H P A P F Q P P H P E T A S A P F L Q I Y P P T P P P Q,40,0.0,14,0
7tm_GPCR,Q E V Q S L T Y V M T T H V Y S L E F S L L D I R V L T L F L V L L V I A V N M,40,0.0,15,0
homeobox,T T D S A N T V S A S G S S D D K A D S E C N A T V N Y D S G D C D S T D D A N,40,0.0,11,0
7tm_GPCR,W W W F I Y . A V Y . W F S . I . M . R A . W L W V Y . K L S . M D . W N Q . W,40,0.25,14,0
protein_kinase,L C L W F F L F L F F F W F F F F F F F F F F F F W F F F F F F S F Y Y Y,37,0.0,6,1
cNMP_binding,F F A Y L Y Y F L L F V Y L L F V L F I F L L L W F L Y V V F F Y H F L Y Y Y Y,40,0.0,8,1
7tm_GPCR,C C C C M G A C L M L C C C T T V C C I M L V C L C C T V A M A C I S C C V L C,40,0.0,9,1
7tm_GPCR,H V P E . . . . C H . V P . . . . H . G S . S Q D V S . G . C . D E . A . C . .,40,0.45,10,0
globin,A A K R K K K Q K K Q E K K K E K E A A K R K K S K R E E R R E K K K R K R K R,40,0.0,6,1
protein_kinase,R A L D I D D D D E D D D H R D C M M T F K H R H . R R R . S L R M N D N,37,0.054,14,0
7tm_GPCR,A A A A A A A A S A A A A A A A A A A S S A A A Y A A F T T S A A V A A A S A C,40,0.0,7,1
7tm_GPCR,S . N N . I . S F M E L F . G E . . P F F N . I H E Q G V Q F S F V A I Y F P V,40,0.175,14,0
protein_kinase,. S P P . N S T R Y E Y Q . . E K R D K . K S . S N I N D D D P Y S S S E,37,0.162,11,0
Ig_I-set,S R S E K Q S T E S D Q K Q Q E V H I T L T D E E T I N S R V K D V S D E Q T E,40,0.0,12,0
protein_kinase,G G G G S S A G G G G G G G G G A G G G G G G A S A S S S S G G G G G G G,37,0.0,3,1
homeobox,R K Q A E E R E K K Q E I D T L D V T V R R Q E Q E K R S Q E Q V T E M M S D T,40,0.0,12,0
protein_kinase,S V I V Q H P G Y N V R T D K K A I S T V G T G P S N R E E E K N H N E N,37,0.0,15,0
globin,A T G P G H A G G Q A A N A R Y T A T T E S L S A G T G P T Q A A Q G C K S D S,40,0.0,15,0
SH3,K P F S L L P R N S L C S D L M N C A S T V D Y S V N S N Y D L I L N N K Y L L,40,0.0,15,0
7tm_GPCR,L L D I V D P L R I F L N V P I Y M S D . P L V R V V S I P Q I S T D I T . M E,40,0.05,14,0
Ig_I-set,T S S T T S E T T E E E E T F S E Q E T Q E S E E E T K W T K T E E K S T S E S,40,0.0,7,1
7tm_GPCR,Y V V V V V V V V V I L V L I I L V V M V I Y I L V H L V V V V I I I V T V I I,40,0.0,7,1
Ig_I-set,G G G A G G G G G H G G G G G G G A G G G G G G G G G G D G G G G G G G G G G G,40,0.0,4,1
RRM,C S Q T Y K C K R R R K L R R R L R M S H T H K Q C K R R H K F E R E S K K T N,40,0.0,13,0
protein_kinase,M R R R S R R R R R R R R R R R R R R R R R R R R R R R R R L R C R R R R,37,0.0,5,1
protein_kinase,I I I L L V L L I V I M V L I I L L L L L L L L L L L L L L L L V L I I I,37,0.0,4,1
homeobox,Q A E E K I Y R T G K K M Y E K N T Q N V F G R S K F S K Q K E V Q Q L R E K L,40,0.0,15,0
protein_kinase,. K P E . L D T D S . D L . . K S E A K . M D . A S N S S I D H N A T L K,37,0.189,12,0
7tm_GPCR,D N L G A R K N S I L R T I R V V N R A S A Q E Q A T V V R S T K E R S K S R V,40,0.0,13,0
Ig_I-set,V N N N N N D N N C G N N N N N N N N N N N N N N N N N N N N N N N N N N N N N,40,0.0,5,1
7tm_GPCR,P P P P L L P P T P P P P F P L M P G P V P P P P P P L Y V I P P L I P A V P P,40,0.0,10,1
7tm_GPCR,L I L I I I I L V I I L I L C I I L I I I I L F L I V I I L I V I V I L V I I I,40,0.0,5,1
7tm_GPCR,K V P N R N K L K A P R I L P R V G E . K G H M Y P K A R . P R K Q P P I P P G,40,0.05,14,0
homeobox,T P R R I P T S A T S N M A R I R T S N R A C S N V P A T T A R I I L T H T I L,40,0.0,12,0
cNMP_binding,L F L V C V F F F A F M F V F F F V T I D V L V L F F L V I F I F F V L F F F L,40,0.0,9,1
RRM,T T R I E E D H A L D K N L E R D E E V K R T D A A E Q A A N T D P K Q D E K L,40,0.0,13,0
protein_kinase,. P R R . R E G V T T E R . . N R F L H . F W . L P H N E W A P V I P F E,37,0.162,13,0
RRM,I F I I I I I I V S E I V V I V K V Y E I I V V M L I T V I I V T V I I L I V I,40,0.0,10,1
globin,S D B D N N K H G Y N G N S G N A K G D S E S E G T H K N N G Y G D G D Q A G G,40,0.0,12,0
Ig_I-set,V T N Y T R E K D C D D E N N D S E A A Q D K W F D T T K N N S S T V L T H E Q,40,0.0,16,0
cNMP_binding,L V L A F I I L M V L A L A F M L V M L V M L V L L F I V T L L V F V V F M F L,40,0.0,7,1
globin,A N A R C E T R A A D D N G S A T T D D T . D H D A D K G T S G D K Q A K G T S,40,0.025,12,0
protein_kinase,F V I I L L I L L L L V I L L V L I V V I V A V I L L L I L I L P L V I I,37,0.0,6,1
Ig_I-set,N R R R K Q I K T N T S T H A A K G S E S K A R E P R N K H S K Q L Q R R P V Q,40,0.0,14,0
7tm_GPCR,A S A A A S A A S A T A A A A A A A A G T A A A T A S S A S L A S T S A S L T A,40,0.0,5,1
RRM,L L V I I L I L V A I L V V L . L L L I L L V L L V I I I V V L V V L L L I V V,40,0.025,4,1
protein_kinase,R R R R R R R R R R R R R R R R R R R R R R R R R R R R R R R R R R R R R,37,0.0,1,1
Ig_I-set,C C C C F C C C L C C C I A C V V C V V C C C V C C C C C C C C C C C C C C V C,40,0.0,6,1
protein_kinase,L F F F V F F L F L L L L F L L L L L L F L F F L I I L L L F L L L F F F,37,0.0,4,1
cNMP_binding,L . R I D N T T D V . A T E L I S A A L V K L R R L Y D T Q L R V D R S L . S S,40,0.075,13,0
cNMP_binding,I V V V V A V V V V A V V V A V A A L S G A V I A M M L A V A V A A V A A V A F,40,0.0,8,1
homeobox,W W W W W F W W W W W W W W W W W W W W W W W W W W W W W W W W W W W W W W W W,40,0.0,2,1
protein_kinase,A V L L M M L M F L L L L M M V L M L M L L S I L L I M L L L L L L M M M,37,0.0,7,1
protein_kinase,L N Q S E K E Q V G K F E D R R S V R E T H G K . H K K A V S K R P N S K,37,0.027,15,0
homeobox,N N N M N N N N N N N N H N N N N N N N N N N N N N N N N N N N N N N N N N N N,40,0.0,3,1
7tm_GPCR,L T S Y . . L S V S R R Q I W . S Y . G L . I R T R Q G D E T G S V S R . I . F,40,0.175,13,0
cNMP_binding,N E D G T E A E A G N D E . N S E G . . D S E E A R E D E D D T E D D D E S A E,40,0.075,8,1
protein_kinase,S P S K N K D E D E K W P S D V S A M K H D T G . S E P L . E C K D E E K,37,0.054,15,0
globin,A G K R G A N K A V G N A L Q N A S G S I L L V G M T T N V K E D D K I R S K S,40,0.0,14,0
protein_kinase,V V V M M I T I I L L I T L V V I I I V I V L I I L V I L I I I V I T T T,37,0.0,5,1
protein_kinase,C K K I Q E R E R K E E Q R L Y E R K Q L D K K D K N M D K K G R D Q E V,37,0.0,13,0
7tm_GPCR,W W W W W W W W C W W W W W W W W W W W Y W W W W W W W W W W W W W W W W W W W,40,0.0,3,1
RRM,A Q A S D S D R D E Q A P D E R T R L D D E D L E R D E Q Q D K R T D T E N E K,40,0.0,11,0
cNMP_binding,E F L K K L V C T H R T V L L F H T L K V I D L S M R L R W E M L V R S I F V A,40,0.0,15,0
protein_kinase,V E T L Q I G G L G N D V M W D E K K R E T K N . C . S S . K K . I L S K,37,0.108,15,0
Ig_I-set,Q P K D D Q E L P T D E A P T S P P P T E V L E D Q E V K T P K E L D T P N A E,40,0.0,11,0
protein_kinase,D N N K D P Y E H Q K N K F P D D H P K P E K T H P E G S P K S G E S S K,37,0.0,12,0
7tm_GPCR,L S L T L L V V L I V V L Y F M M I V W V I L L L I I L H I L L T L I L I S I V,40,0.0,10,1
7tm_GPCR,Q R K K S R R F V P K K I T E R V I S Q K K T I K T L Q K T V L F A R Y A A K P,40,0.0,13,0
SH3,Y F F Y H Y Y L Y Y Y F Y Y Y A Y Y Y Y Y Y Y Y Y Y F F Y Y Y Y Y H F N K F Y Y,40,0.0,7,1
7tm_GPCR,N N N N N N N N N N N N N N N N D N N N N N N N N N D N D N N N N D N N N N N N,40,0.0,2,1
7tm_GPCR,I I V I L M V I I I I I I I V I I V V I I I L I L V I I V . V I I I I V I I I I,40,0.025,4,1
cNMP_binding,V V Y A V L V L L S C V I L L L L L M V C L L I T V L V V L V V V L A L I V L L,40,0.0,9,1
protein_kinase,H H Y Y H H H H H H H H H H H H H H H H H H H H H H H H H H H H H H H H H,37,0.0,2,1
7tm_GPCR,F P . Q . . . S . P . W . . . . P T . . . C L R M K I . W C . K T P G N . . . .,40,0.475,14,0
7tm_GPCR,F A P G P K P A P P A P P A P P A P S P P P T P R P P P P . P P P P P P G P P P,40,0.025,8,1
7tm_GPCR,N S R H H A G K M N G Y S I G H L H G G E G Y Y N G R G G N P Y K F G Y E R N D,40,0.0,15,0
homeobox,G S C T A N H C D D C C E Q N T N S D H E N L Q T Q N N S S H C S N Q D N N T D,40,0.0,11,0
globin,V P . V . . R A . D A . V . . N . R P A Q E T Q P N N H L . . D A . . K K G . .,40,0.35,13,0
RRM,I V V V V V V I I A V V V C L V V V V L V V V I V V I V V V V V V V I V C V V I,40,0.0,5,1
7tm_GPCR,S K A V V S R R A E I F N N A A G P T A R A G Y S K L A P S R A I Q I N E P I L,40,0.0,15,0
RRM,G P G N P G G G G G K G G G N G R G P G G G G G G G G G G G G V G P R G G L G R,40,0.0,7,1
7tm_GPCR,F F F F L F F F Y F F F F D F L F F F F H F F F F F F F F F Y F F A F F W Y F Y,40,0.0,7,1
RRM,R V E F P P L E L L K P Q Q H E A K R E E K K S A P P S Y H E S Y V G R I S I Y,40,0.0,14,0
protein_kinase,S E A E S R E E Q E N D E F S E E K R Q S I Q Q T T K V R R S Q R I R S Q,37,0.0,12,0
cNMP_binding,S G D R Q S Q P V A R E Q N R Q P G Q K R L E Q R A Q E S H K E Q E D R E F E S,40,0.0,14,0
protein_kinase,P E . I . V E F H E V F Y E . L . . . . Q . . E . . . . L F . . M . . Q R,37,0.459,11,0
protein_kinase,D Q Q E M K Q S V N V L V V E F Y H H H H Y M D Q N N N M A T D F E N K D,37,0.0,14,0
7tm_GPCR,N R D . C S T E V P E T I M V K K N P G V N G T N P T P G M V F Q Y E L G I S S,40,0.025,17,0
7tm_GPCR,V I A L G S V A L V L I I V V F L I V L I V L I M I L A L V V I V L I F L I L G,40,0.0,8,1
globin,V L L Y L L T L L Y L F L K L L L T M L L V L L F L L L I L L L L L L F Y F L L,40,0.0,8,1
Ig_I-set,N E P D Q S T S T T L T D K S T Y T D N S K A E A R Q K E E Q E T P S D Q E S T,40,0.0,12,0
7tm_GPCR,P P P P P P P P P P P P P P P P P P P P P P P P P P P P P P P P P P P P P P P P,40,0.0,1,1
7tm_GPCR,V L M L A F L L I V F L L L L L L T L M G L L L V L V L Y M T L L L L V V A C L,40,0.0,10,1
7tm_GPCR,S L A T . . . . I P . A A . . . . L . T S . A N E G T . S . G . V . . Q R T . .,40,0.45,12,0
homeobox,R R Y R R K R R R R R R R R Y R R R R R K R R R R R R R R R R Y R R R R R R R R,40,0.0,3,1
7tm_GPCR,S A I G S G S S A A S A S A W A G S S S S T P S S T S S A A S S M G S S C I S S,40,0.0,9,1
cNMP_binding,I L F M M L S N L A . G A G T M S D P S G R Q A L D E L T R N L G L T L S . V V,40,0.05,15,0
homeobox,S K Q H S E R A A P N N P N A E D A A K V S P R P P K S T R S P T E Q P S A S E,40,0.0,12,0
homeobox,K T E W Q Q T Q T S Q E K Q K K L E M Q D L H S K T M R K Q K R E R M E W K E E,40,0.0,11,0
globin,L F L F F F F F F F L F I L F F F F F F F F F F F F F F F F F F L F L F F F F F,40,0.0,3,1
homeobox,K Q Q R Q M Q Q Q Q C C C Q Q K Q Q Q G Q Q Q Q Q Q Q Q Q Q Q Q Q K Q Q K Q Q H,40,0.0,7,1
cNMP_binding,E Q K I S A D D D G S V A S A H D V A A A S Q A T Y G I D T N S K T Q E G A D Q,40,0.0,13,0
7tm_GPCR,R R A R W S I R S I V Q K L R W A K V R L K C K S I R L H Q Q K L C R K A T R R,40,0.0,12,0
Ig_I-set,V I T I V I A I V T V V I I I V V A I I V A V V A V V V I V A I A A V V I A V V,40,0.0,4,1
protein_kinase,P P P P P P Y L I I I L L L P P P P P P P P P P P P P P P P P P V P P P P,37,0.0,5,1
protein_kinase,P M . L . A F F F F I C R Q . . . . . . Y . . L . E . . R R . . A . . F Y,37,0.459,11,0
SH3,E N N H E D N E E E D D G Q K E N N N G H A S P K N D T E P D N D D K E L E A Y,40,0.0,13,0
protein_kinase,M K Y L H M N H A N Q H H A C Q R K R L E R N M F K N Q N N Q L E E E R K,37,0.0,12,0
globin,H H R F A A S E S E E A E E R N V S S G Q H T Q G E H S E E T D N E F A N S A S,40,0.0,12,0
protein_kinase,H S H S S G H H H H H H H H F H H H C H H S H H H H H H H H H H H H H H H,37,0.0,5,1
